CLAIM_REF_NO,DOC_ID,DOCUMENT_NAME
GEN000248226,245036455,MUM-ILG-2018-0085 -BINDU SIZING WORKS - PROVISIONAL ASSESSMENT - 20 03 2018.xls
GEN000218009,246368883,13001- Abhishek- AOL- final 31032018.xlsx
GEN000251658,247920308,11-300-11662- Trichy Tollway - Vijayagopalapuram - Loss working.xls
GEN000254601,249416526,Assessment-11-201-03460-Godhra express-Km 214.xls
GEN000254595,249417484,Assessment-11-201-03476-Godhra expressways-Km 176+772.xls
GEN000244164,249469674,70490-Revised PLA.xlsx
GEN000213216,251369733,12911-Saideep AOL.xlsx
GEN000213216,251369838,Addendum AOL.xlsx
GEN000255157,251593723,11-300-11726 - Trichy tollway - Perambalur 268-450 -  Loss working.xls
GEN000248228,252472040,71070 (FEB-2018) Revised PLA Insured.xls
GEN000245753,252593158,70691 (JAN-2018) Revised PLA INSURED.xls
GEN000253162,253535696,11-300-11685 - Trichy tollway - Ivadhugudi - Loss working.xls
FIR000258591,254814541,11-301-07567 Godrej Agrovet - Final loss assessment (A).xls
GEN000250488,255955906,71361(MAR-2018) -Revised PLA.xlsx
GEN000210078,256230256,11-201-03092-Assessment Sheet-without prejudice.xlsx
GEN000252611,256345890,11-203-07998-ANNEXURE.XLS
FIR000257832,256559592,11-300-11789 - Trichy Tollway - Loss Working.xls
GEN000255994,256566922,11-300-11730 - Trichy tollway Perambalur KM 268-800 - Loss working.xls
GEN000250697,256577356,13656-Indsur Gears-AOL.xlsx
GEN000252611,257530473,11-203-07998-ANNEXURE New.xls
GEN000226018,257623681,Revised Assessment RKFL-Dt.30.05.18.XLSX
FIR000412600,257724424,11-300-11828- Trichy Tollway - Senkunnam - Loss working.xls
GEN000248340,258108705,Annexure.xlsx
FIR000410774,259012663,Assessment - FIR000410774.xls
GEN000203098,259567806,GEN000203098_Loss working final.xlsx
GEN000203098,259571286,Copy of 11-300-10721 Loss working final.xls
FIR000257549,259778409,Assessment - FIR000257549.xls
FIR000413985,260117514,GAVL Assessment 11-400-13100.xlsx
GEN000253775,260126847,11-300-11686 - Trichy tollway - Sengurichi  - Loss working.xls
FIR000418697,260130790,11-300-11873 - Trichy Tollway - Eluthur - Loss working.xls
GEN000246398,260286943,13430-Aaswa Insulation-AOL.xlsx
FIR000410744,260314666,13822-Allied AOL.xls
GEN000184117,260539610,Surveyor Gradation Survey.xlsx
GEN000256616,261007792,11-300-11732 - Trichy tollway Thirumanthurai Toll Lane -3 -  Loss Workin....xls
FIR000416662,261491467,173  MUM-ILG-173 - Gabula Family Trust - PROVISIONAL ASSESSMENT - 07 06 2018.xls
GEN000203002,262535489,11-300-10684 TCS Final 060718 print.xlsx
GEN000235957,262968442,13397-SVS Aqua-AOL 14.7.2018.xls
GEN000256099,263013727,Assessment Sheet-11-201-03489-Godhra expressways-Km 175+932.xls
GEN000256095,263035305,Assessment-11-201-03488-Godhra expressways-Km 189+480.xls
FIR000414109,263036198,Assessment Sheet-11-201-03523-Godhra expressways-Km 171+150.xls
GEN000253695,263096066,Revised Assessment.xlsx
GEN000254872,263269254,Copy of Assessment.xlsx
GEN000235837,263869916,TCS Assessment.xlsx
GEN000248198,264484554,71047 (FEB-2018) - Revised PLA 20.07.2018.xlsx
FIR000435585,265020350,11-300-11940-Loss working - TTPL - 17.07.2018 - 277-700.xlsx
FIR000430655,265135807,11-300-11938 - Loss working 07.07.2018 at Km 230-300.xlsx
FIR000429008,265155000,11-300-11939- Loss working 05.07.2018.xlsx
FIR000437698,265433295,Draft Assessment.xlsx
FIR000421256,265515981,11-300-11875 - Trichy Tollway - Veppur - Loss working.xls
FIR000431506,265541370,MUM-ILGICL-2018-0205-K D BOX - ASSESSMENT - FSR - 24.07.2018.xls
FIR000426961,265545360,13947-Lupin-FIR000426961-AOL.xlsx
FIR000430748,265560031,MUM-ILGICL-2018-0199-SUREKA SYNTEX - ASSESSMENT - FSR - 26.07.2018.xls
FIR000430742,265561389,MUM-ILGICL-2018-0200-SHREE SAI SUPPLIER - ASSESSMENT - FSR - 27.07.2018.xls
FIR000419648,265565458,13894-Babubhai Bootwala AOL.xlsx
FIR000419542,265567522,13898-Dhan Traders AOL 1.xlsx
GEN000232616,265577805,1015217 Adhunik BI 12.07.2018.xlsx
FIR000430729,265602863,MUM-ILGICL-2018-0201- NEW RAMESHWAR SIZERS - ASSESSMENT - FSR - 27.07.2018.xls
FIR000430724,265610001,MUM-ILGICL-2018-0202-NAVNIDHI - ASSESSMENT - FSR - 27.07.2018.xls
FIR000419551,265613055,13897-Tawab Textiles.xlsx
FIR000420115,265634425,13893-Babubhai Bootwala AOL.xlsx
FIR000419365,265637515,13872-Lekhit Textiles -AOL.xlsx
FIR000428263,265642766,13956-Allied Digital AOL.xlsx
FIR000411721,265651066,11-300-11827 - Ulundurpet Expressway - Mettathur -  Loss working.xls
FIR000258265,265653295,11-300-11793 - Ulundurpet Expressways  -Arasur - Loss working.xls
FIR000415530,265654354,11-300-11841 - Ulundurpet Expressways-Kuchipalayam -  Loss working.xls
FIR000419371,265689628,13892-Chandrakant Shah  AOL.xlsx
FIR000419376,265693264,13890-Kanchan Ben  AOL.xlsx
FIR000435074,265933468,Assessment Sheet-11-201-03583-Godhra expressways-Km 179+900.xls
GEN000225323,265963223,Annexures to Report__(16.07.2018).xlsx
GEN000225323,265963259,Letter for Interim.xlsx
GEN000241340,265963281,Letter for Interim.xlsx
GEN000241340,265963287,Annexures to Report__(16.07.2018).xlsx
GEN000234290,266173671,13360-Lupin Tarapur AOL-2.8.2018.xlsx
FIR000425781,266606390,Assessment - Madhusudan - 06-08-2018.xlsx
FIR000430605,266642199,MUM-ILGICL-2018-0203- SHREE RISHABH POLYSYNTH - NEW ASSESSMENT - FSR - 03.08.2018.xlsx
FIR000430604,267088499,MUM-ILG-2018-0204 -AB TEXTILES-ASSESSMENT - 07.08.2018.xlsx
FIR000419550,267907354,MUM-ILG-2018-0177 - LESANTO LABORATORIES - ASSESSMENT - FSR - 02.08.2018.xlsx
FIR000419369,268090060,13889-Kamlesh Shah -AOL.xlsx
FIR000434277,268330813,13972-Dhan 2.xlsx
FIR000413429,268340802,Loss working 10082018.xlsx
FIR000258422,268431874,Assessment - FIR000258422.xls
GEN000253178,268473138,11-201-03455-Finolex Plasson-Assessment - Final.xlsx
FIR000420781,268475495,73438_Assessment.xlsx
FIR000419645,268952763,13896-Malde Synthetics AOL Final .xlsx
FIR000437667,269020867,Draft Assessment-1604.xlsx
FIR000435621,269717893,Assessment.xlsx
FIR000432017,270576854,Book3.xlsx
FIR000432273,270912767,MUM-ILGICL-2018-0211-UNIQUE AIRCON - ASSESSMENT - FSR - 22.08.2018.xls
FIR000432273,270912871,MUM-ILGICL-2018-0211-UNIQUE AIRCON - ASSESSMENT - FSR - 22.08.2018.xls
FIR000422794,270924134,MUM-ILGICL-2018-0186-SONALON-ASSESSMENT-17.08.2018.xlsx
FIR000444500,272074363,Assessment Sheet-11-201-03610-Godhra expressways-Km 178+072.xls
FIR000447686,272493046,Assmt - Espee Foods.xlsx
GEN000230779,272537359,27.08.2018 - Assessment GICL-CLAIM 21.xlsx
FIR000421523,273112752,11-300-11877 - Ulundurpet Expressway - oozhiyar Nagar - Loss working.xls
FIR000420554,273113721,11-300-11874 - Ulundurpet Tollway - Vilangambadi  135+600 LHS - Loss working.xls
FIR000436280,273114183,11-300-11958 - UEPL - 172+850 LHS - Perankiyur - Loss working.xls
GEN000246942,273464406,13596-Ocean Gate Fire Impact-Final .xlsx
FIR000453940,273737223,Draft Assessment.xlsx
FIR000421621,274592413,11-300-11878 - Trichy Tollway - Thimandurai toll - Lane 7 - Loss working.xlsx
FIR000436916,274733740,Book2.xlsx
FIR000456434,274899518,Jerson VD Loss Assessment.xlsx
GEN000205810,274952880,11-302-07026 - Ujjvala Tejas (LOP)- WS (Prov).xlsx
FIR000448379,276197275,Assmt - 27.09.18.xls
FIR000448372,276629046,Assessment.xlsx
GEN000229082,277202839,Surveyor Gradation Survey.xlsx
FIR000449641,277797224,11-300-12062 - Mettathur -KM 183+550 - Ulundurpet Expressways - Loss working.xls
FIR000460984,278031005,11-300-12246 -Veppur High Mast - Loss working.xls
FIR000462213,280805089,11-300-12278 - Tholudur Light pole - Loss working.xls
FIR000460980,280815430,11-300-12245 - Trichy tollway - Kaluthur - Loss working.xls
FIR000460992,280930697,11-300-12247 - Trichy tollway - Asnur - Loss working.xls
FIR000463970,281026235,Assessment Sheet-11-201-03673-Godhra expressways-Km 153+075.xls
FIR000420581,281053065,73273 Assessment.xlsx
FIR000434675,281236802,73999_Assessment.xlsx
FIR000454027,281555808,75237_Assessment.xlsx
FIR000453167,282431431,11-301-07855 Assessment - Godrej Agrovet.xlsx
FIR000431386,282600666,MUM-ILG-2018-0196-ARPITA INDUSTRIES.xls
FIR000431393,282601382,Assessment.xls
FIR000431354,282611798,Assessment ARPITA INDUSTRIES.xls
FIR000436902,283143112,75751- Assessment of Loss.xls
FIR000436902,283144009,74179-Assessment of Loss.xls
FIR000462049,283448317,14122-lEKH EXIM - AOL.xlsx
FIR000454551,284276929,11-300-12145 - Loss working - Uludurpet Expressways - Km 177+300 Bharath....xls
FIR000259127,284869429,13820-Bharat Auto -AOL .xlsx
FIR000451011,285129529,Book2.xlsx
FIR000450245,285985575,DEL-ILG-2018-01172-CANBARA - ASSESSMENT - FSR - 12.11.2018.xls
FIR000448267,286569594,11-201-03631-Assessment-Glenmark Pharma.xls
FIR000422669,286589932,Assessment.xlsx
FIR000463127,286590412,Assessment.xlsx
FIR000463124,286590947,Assessment.xlsx
GEN000256343,286858169,11-300-11731 - Loss working - Trichy tollway Sengurichi Toll plaza.xls
GEN000234093,286859942,ANNEXURE_II_LOSS ASSESSMENT_MD  SECTION.xlsx
FIR000451337,287157381,Fathima Abdul Khadar loss assessment.xlsx
FIR000451337,287157382,Fathima Abdul Khadar loss assessment.xlsx
FIR000463242,289464645,11-300-12291 - Loss Worling - TTPL - Km 231+000 LHS - Kaluthur.xls
FIR000464141,289869970,MUM-ILG-2018-0271-RAHEJA- NEW ASSESSMENT-03.12.2018.xls
FIR000435120,291131633,Loss working.xlsx
FIR000440715,291631594,Copy of 11-300-11982 - Loss working - UEPL - Km 176+400 - Arasur.xls
FIR000450878,291637208,11-300-12093 - Trichy tollway - (KM 250-800) - Loss working.xls
FIR000453419,293052135,MUM-ILG-2018-0261-RELIANCE - SAHKAR BHANDAR - BREACHCANDY - ASSESSMENT - FSR - 21.12.2018.xls
FIR000457679,294236177,75400 Assessment.xlsx
FIR000446239,294391146,74301_Assessment.xls
FIR000439723,294746383,Assessment.xlsx
FIR000414065,295139762,72319-Assessment.xls
FIR000447300,295141576,Assessment.xlsx
FIR000440887,296069883,11-300-11986 TTPL Loss working.xlsx
FIR000471658,298291466,14191-Krushna TVS-AOL-Stock.xlsx
FIR000472314,298292005,14192-Krushna TVS-AOL-Building.xlsx
FIR000471641,298314390,14188-Sairaj Electrical AOL.xlsx
GEN000182764,298747860,Tentaive Assessment.xlsx
FIR000421608,298762000,11-204-09130 - Assessment - Sai Rolling Shutters.xlsx
FIR000447195,299956948,02. Assessment - Mahalakmi Traders - Digras.xlsx
GEN000204486,300320149,RIL GT-4 LOSS ASSESSMENT D.O.L.26.10.2016.xlsx
FIR000447694,300326276,Assessment.xlsx
FIR000451395,302117061,75019_assessment.xlsx
FIR000443643,302214391,74500_Assessment.xls
FIR000447195,302972237,02. Assessment - Mahalakmi Traders - Digras.xlsx
FIR000440574,303503403,Assessment - FIR000440574.xlsx
FIR000440576,303506389,Assessment - FIR000440576.xlsx
FIR000442492,304085286,workings- mahavir agency.xlsx
FIR000509788,305342779,Book2.xlsx
FIR000493812,305765213,"11-300-12488 - Loss working - UEPL -191+000 Median, Vikkiravandi.xls"
GEN000235466,308451014,Assessment.xlsx
FIR000489787,308516760,Assessment - 11-203-08553 -Shubham Extrustion.xlsx
FIR000683125,308747764,Book8.xlsx
FIR000459788,310604250,Assessment Sheet - FIR000459788.xls
FIR000258120,310909153,ANNEXURE_01_LOSS ASSESSMENT.xlsx
FIR000470874,311674445,11-205-05815-Assessment Sheet.xlsx
FIR000686163,312547906,11-201-03766 - Assessment - Godhra Expressway - 179.xls
FIR000686160,312631016,11-201-03767 - Assessment - Godhra Expressway - 181.xls
FIR000691004,315027730,11-300-12549 - UEPL - DOL - 18 02 2019.xlsx
FIR000468565,315047666,MUM-ILG-2018-0284- MAYFAIR- FINAL RIV- ASSESSMENT- 28.03.2019.xls
FIR000473846,315163879,ANNEXURE_01_LOSS ASSESSMENT.xlsx
FIR000460361,315290204,Annexures_Vishal Enterprises.xlsx
FIR000830051,316245187,11-300-12609 - Loss working TTPL-DOL-15.03.2019 at 224-400Km.xlsx
GEN000253772,318185453,11-300-11687 - Trichy Tollway - Ramanatham - Loss working.xls
FIR000916128,319933641,Assessment - Margherita.xlsx
FIR000916166,319962780,Assessment - Namdang.xlsx
FIR000641793,319998776,11-204-09681-Revised Loss Assessment.xlsx
FIR000761274,320363272,14336-Munaj Electrical-AOL.xlsx
FIR000871900,320659899,11-300-12611 - Loss working - UEPL -138+780 LHS  Chendur.xls
FIR000986949,320675847,Copy of 11-201-03803 - Assessment - Godhra Expressway - 182.xls
FIR000540377,320800585,Annexure-11-203-08571-15.04.29.xlsx
FIR000981480,320834308,calculation working - MSC000981443.xlsx
FIR000981480,320834808,correct calculation working - FIR000981480.xlsx
FIR000940690,320885880,Assessment - Dirok.xlsx
FIR000685494,321379417,Assessment.xls
FIR001013825,321390915,FIR001013825.xlsx
FIR000779116,321684849,11-301-08237 A BETPL dated 23.04.2019.xls
FIR000447260,321704929,MUM-ILG-2018-0237-ICICI-ASSESSMENT - 25.04.2019.xls
FIR000830169,321750549,11-300-12610-Loss working - UEPL -DOL - 17.03.2019 - 182-200.xls
FIR000920417,322087956,2218294 - Karmah Impex.xlsx
FIR000920381,322091860,2218293 - Dyechem.xlsx
FIR000694724,322760886,14390-Marigold FSR-Final.xlsx
FIR000486577,323877737,Final Assessment.xlsx
FIR000486577,324092518,Final Assessment.xlsx
FIR000944806,324333496,assessment_FIR000944806.xls
FIR000736700,326209452,78064_Assessment.xlsx
FIR001022039,326380359,"11-300-12664 - Loss working - DOL - 24.04.2019 - At Km 221+690 , Seppakkam .xlsx"
FIR000416135,326669483,11-301-07633 Udupi Power -Loss Assessment 07-May-19.xlsx
FIR001063022,326901036,Book3.xlsx
FIR000416135,328095328,11-301-07633 Udupi Power -Loss Assessment 07-May-19.xlsx
FIR001041201,328765796,11-300-12668-Loss working-DOL-26 04 2019-At Km 285+500 (2).xlsx
FIR001000845,328777927,11-300-12652 - TTPL - Thiruvilakuruchy - (KM 284+500) - Loss Working.xlsx
FIR001058743,328811565,11-300-12669 - DOL - 01.05.2019 - AT Km 249 + 900 V Kalathur.xlsx
FIR001077205,328819677,11-300-12686 - Loss working - DOL - 05.05.2019 - At Km 224+400 - Veppur.xlsx
FIR001101490,329102268,Copy of Fani Claims (004) Updated.xlsx
FIR001101526,329104876,Copy of Fani Claims (004) Updated.xlsx
FIR001162384,329170433,Assessment.xls
FIR000985601,329384559,Copy of 11-203-08719  Annexure.xlsx
FIR000960659,329424389,11-300-12649-Loss working-DOL-11 04 2019 at Km 275-400.xlsx
FIR001162261,329454667,Bukhial Assessment.xlsx
FIR001142304,330229800,Assessment - Pramukh Alloys.xlsx
FIR001105898,331238594,11-201-03828 - Assessment - Godhra Expressway - Bus Stand.xls
FIR001157395,332063853,11-201-03832-AMul Dairy - Anand - Assessment.xlsx
GEN000183840,332313226,BHUSAN STEEL WHRB Boiler No  69 -revised provisioinal assessment 13.04.2.._.xlsx
GEN000183840,332313229,BHUSAN STEEL WHRB Boiler No  69 -revised provisioinal assessment 13.04.2.._.xlsx
FIR001200271,333112362,Self assessment.xlsx
FIR001069002,333291052,assessment -FIR001069002.xls
FIR001281974,333343451,assessment_FIR001297845.xls
FIR001297845,333345302,assessment_FIR001297845.xls
FIR001162744,333445601,Assessment.xlsx
FIR001306206,334307470,11-201-03859-Assessment-Diamond Food Products.xlsx
FIR000472416,334406476,MUM-ILG-2018-0293-NIRMAL CHS - ASSESSMENT - FSR -11.06.2019.xls
FIR000258093,334926047,13792-ALlied Digital - AOL.XLSX
FIR000568963,334978077,14345-Aparklene Fabrics AOL.xlsx
FIR000568826,334990872,14344-Aparklene Fabrics AOL.xlsx
FIR000974995,334996438,MUM-ILG-2019-0457-ZENZI PHARMACEUTICAL-ASSESSMENT-20.06.2019.xls
FIR000778563,336414464,11-301-08236 A BETPL dated 26.06.2019 claim no. FIR000778563.xls
FIR001121158,336432126,11-301-08344   BETPL Claim No. FIR001121158.xls
FIR001121233,336438203,11-301-08343   BETPL Claim No. FIR001121233.xls
FIR001095422,337192693,L A_ 26-06-19_Nuvoco RMX_FIR001095422.xlsx
FIR000976145,337555672,11-300-12650-Loss working - DOL- 14.04.2019 - At Km 226+800.xlsx
FIR001200231,337584999,Self Assesment FIR001200231.xlsx
FIR001127027,337692417,FIR001127027 Self assessment.xlsx
FIR001127147,338614397,FIR001127147 Self Assessment.xlsx
FIR001157815,339077007,Assessment - FIR001157815.xlsx
FIR000467994,339315596,76101-(2018-OCT) - Assessment.xlsx
FIR000986636,339337393,Assessment - FIR000986636.xlsx
FIR000695551,339771855,14391-Bharat Wire Ropes-tentative AOL.xlsx
FIR001285800,340593133,103248 Working.xlsx
FIR001454148,340818882,Assessment.xlsx
FIR001454148,340818906,Assessment.xlsx
FIR001337832,340964748,calculation working - FIR001337832.xlsx
FIR001409841,340994962,calculation working - FIR001409841.xlsx
FIR001427449,341009833,calculation working - FIR001427449.xlsx
FIR001373777,341051316,FIR001373777 Self Assessment.xlsx
FIR001266783,341269536,14662-Durashox-AOL.xlsx
FIR001266707,341273201,14662-Durashox-AOL.xlsx
FIR001246904,341318366,FIR001246904 Self Assessment.xlsx
FIR001171653,341642756,11-300-12713 -Loss working -  DOL - 23.05.2019 -At Km 258-400 Valikandapuram.xlsx
FIR000830352,342074317,AH-02519 4.7.2019.xlsx
FIR001415975,342083145,calculation working - FIR001415975.xlsx
FIR001453021,342326381,calculation working - FIR001453021.xlsx
FIR001453013,342386651,calculation working - FIR001453013.xlsx
FIR001199692,342397539,102769 Working.xlsx
FIR001406227,342445895,11-301-08470 BETPL -  Loss assessment FIR001406227.xls
FIR001460068,342578467,FIR001460068 Self assessment.xlsx
FIR001188844,342876234,"11-300-12707 - Working - UEPL - Km 126+900, Tindivanam1.xlsx"
FIR001099469,343439639,Assessment (Autosaved).xlsx
FIR001459599,345693846,Borengajuli Assessment 1.xlsx
FIR001458815,345693876,Dirial Assessment.xlsx
FIR001489590,345694168,Bhooteachang Assessment.xlsx
FIR001500750,345694684,Borengajuli Assessment 2.xlsx
FIR002541898,347178851,Borengajuli Assessment.xlsx
FIR001759446,347415383,MUM-ILG-2019-0670-BABU BHAI BOOTWALA-ASSESSMENT-22.08.2019.xls
FIR001760113,347429132,MUM-ILG-2019-0672-BABU BOOT HOUSE-ASSESSMENT-21.08.2019.xls
FIR001802267,347491782,MUM-ILG-2019-0681-S V AGRO TRADERS-ASSESSMENT-19.08.2019.xls
FIR001383485,347680515,MUM-ILG-2019-0594-AJIT PHARMA-ASSESSMENT-18.08.2019.xlsx
FIR001760785,347792124,MUM-ILG-2019-0673-RAJ INDUSTRIES-ASSESSMENT-17.08.2019.xlsx
FIR001762471,347862490,MUM-ILG-2019-0674-K D BOX INDUSTRIES-ASSESSMENT-24.08.2019.xls
FIR001799612,347914863,MUM-ILG-2019-0679-UDAY FOOD PRODUCTS-ASSESSMENT-17.08.2019.xls
FIR001761122,348339113,14774-Chairs and More - AOL.xlsx
FIR001763148,348349105,14778-Deep Enterprises AOL.xlsx
FIR001858322,348350190,assessment - FIR001858322.xlsx
FIR001851499,348382252,MUM-ILG-2019-0693-ESS VEE ENTERPRISES-ASSESSMENT-23.08.2019.xls
FIR001757768,349181568,MUM-ILG-2019-0664-J J INTERNATIONAL-FINAL ASSESSMENT.xlsx
FIR001372150,349194490,MUM-ILG-2019-0571 - SHIVEN ENTERPRISES - FINAL ASSESSMENT-28.08.2019.xls
FIR002132524,349250542,Assessment SS Associates.xls
FIR001952537,349356161,11-300-12641 - UEPL  Loss working.xls
FIR001617706,349567845,assessment - FIR001617706.xlsx
FIR002146956,350022669,MUM-ILG-2019-0724-ICICI BANK VASAGADE-ASSESSMENT.xls
FIR002192842,350081567,FIR002192842 Self assessment.xls
FIR001754866,350422255,MUM-ILG-2019-0659-JNK COMPOSITE - FINAL ASSESSMENT - 06.09.2019.xls
FIR001749105,350457734,MUM-ILG-2019-0659-L N ENTERPRISES-ASSESSMENT-07.09.2019.xlsx
FIR002088862,350607826,14857-Agarwal Ganga Gagan.xlsx
FIR002192842,350704557,Self assessment FIR002192842.xls
FIR001762137,350954863,MUM-ILG-2019-0671 VINSUN TRADERSS LLP - ASSESSMENT - FSR.xlsx
FIR002093254,351155725,Loss Assessment .xlsx
FIR001941068,351440443,14849-Prime Industries .xlsx
FIR002086542,351460092,14856-Sun Soft AOL.xlsx
FIR002145964,351460771,14872-Vishal Steel AOL-Final .xlsx
FIR002427797,352244509,assessment - FIR002427797.xlsx
FIR001416445,352252841,assessment_FIR001416445.xlsx
FIR002541669,352384157,annexure.xlsx
FIR003540570,352726352,FIR003540570 Assessment.xlsx
FIR003540218,352733184,FIR003540218 Assessment.xls
FIR002521411,352738621,Phulbari Assessment.xlsx
FIR001564503,352786351,FIR001564503 Assessment.xlsx
FIR001276424,352795823,FIR001276424 Assessment.xls
FIR001200236,352800822,FIR001200236 Assessment.xlsx
FIR001454112,352807942,FIR001454112 Assessment.xls
FIR001565164,352812049,FIR001565164 Assessment.xlsx
FIR001754084,353288679,Loss Working - Anmol.xlsx
FIR002476010,353615312,assessment_FIR002476010.xlsx
FIR001762807,353670210,14777-New jay malhar AOL Final 24.9.2019.xlsx
FIR003539203,353805855,Bhooteachang assessment.xlsx
FIR003538863,353809417,Borengajuli assessment.xlsx
FIR003789064,353814435,Borengajuli assessment 2.xlsx
FIR003789069,354318689,Monabarie Culvert assessment.xlsx
FIR003539543,354326408,Monabarie quarters assessment.xlsx
FIR001756616,354343454,Annexure A - Tentative Assessment - Ref. 11-203-08980.xlsx
FIR003538864,354358290,Dirial assessment.xlsx
FIR001414962,354569129,Assessment.xls
FIR001246908,354572278,FIR001246908 Assessment.xlsx
FIR003196640,354597817,MUM-ILG-0687-2019-DHAN TRADERS-ASSESSMENT-26.09.2019.xlsx
FIR003778181,354613441,assessment_FIR003778181.xlsx
FIR003429288,354622332,MUM-ILG-2019-0729-ICICI BANK BAJAR BHOGAON-ASSESSMENT.xls
FIR003429286,354646378,MUM-ILG-2019-0736-ICICI BANK GANESHWADI-ASSESSMENT.xls
FIR001478521,354678178,11-301-08486  BETPL -  LAS  FIR001478521.xls
FIR003431949,354682016,MUM-ILG-2019-0718-ICICI BANK RETRE HARNAX-ASSESSMENT.xls
FIR003100484,354695870,assessment_FIR003100484.xlsx
FIR002541822,354700327,assessment.xlsx
FIR002224929,355033458,14889-Sunil Tikamchand Patni - AOL.xlsx
FIR002224930,355036533,14890-Sunil Yarn AOL FInal .xlsx
FIR001561863,355194237,Annexure-A.xlsx
FIR003430289,355353189,MUM-ILG-2019-0721-ICICI BANK BRAMHNAL-ASSESSMENT.xls
FIR003431612,355480716,MUM-ILG-2019-0719-ICICI BANK BAHE BORGAON-ASSESSMENT.xls
FIR001500975,355705388,11-201-03917 - Assessment.xlsx
FIR001377887,356331172,MUM-ILG-2019-0585-ICICI BANK-ASSESSMENT VAPI - 03.10.2019.xls
FIR003430284,356742346,MUM-ILG-2019-0722-ICICI BANK HARIPUR-ASSESSMENT.xls
FIR003680192,356768080,assessment_FIR003680192.xlsx
FIR000468587,356879612,FINAL ASSESSMENT.xlsx
FIR001280286,357116028,calculation working - FIR001280286.xlsx
FIR001608727,357643602,11-201-03932-Tulja Traders-Assessment.xlsx
FIR003430951,357869476,MUM-ILG-2019-0720-ICICI BANK KURUNDWAD-ASSESSMENT.xls
FIR004477165,358450257,ANNEXURE -A.xlsx
FIR003430951,358772468,MUM-ILG-2019-0720-ICICI BANK KURUNDWAD-ADDENDUM ASSESSMENT.XLS
FIR001281631,358879348,"Assam Co Ltd. Borborooah, Assessment.xlsx"
FIR001852178,359710776,assessment sheet.xlsx
GEN000240815,359851336,Assessment.xlsx
FIR001800278,359965761,Assessment-S M diagnostic center.xlsx
FIR002725562,360141367,11-201-04024 - Assessment-Godhra Expressway -182.xls
FIR002088192,360160035,Annexure A - Tentative Assessment - Ref. 11-203-09013.xlsx
FIR003057994,360207576,11-201-04069 - Assessment-Godhra Expressway -171.xls
FIR001484739,360215397,11-201-03912-Assessment-Godhra Expressway-174.xls
FIR001563845,360223854,11-201-04022 - Assessment-Godhra Expressway-164.xls
FIR001613038,360229301,11-201-04023 - Assessment-Godhra Expressway-190.xls
FIR001346695,360496811,MUM-ILG-2019-0523-JSW-WAGON TIPPLER - VIJAYNAGAR - PROVISIONAL ASSESSMENT - 28.09.2019 - FSR.xlsx
FIR002189409,361218560,0819-205 working.xlsx
FIR003726565,361249118,Annexure -A.xlsx
FIR001506146,362091457,Assessment 104487.xlsx
FIR002671721,362238534,11-300-12949-Loss working-UEPL-Km.136-100-median-Vilagambadi.xls
FIR004480924,362751905,11-300-13030 Loss Working - UEPL (Km 148 100 LHS Vikravandi).xlsx
FIR001760450,362811256,14776-Hollywood Furniture AOL-F.xlsx
FIR002541941,362833423,2564-KEC Jabalpur Assessment.xlsx
FIR000762962,362864644,Final Assessment.xlsx
FIR005285042,362866821,11-201-04085 - Assessment-Godhra Expressway - 201.xls
FIR004771866,362915931,Assessment -A.xlsx
FIR000488582,363018835,14444-Jain Agarbati Fire -Final.xlsx
FIR002092565,363148321,11-204-10329-Loss Assessment.xlsx
FIR001803611,363260887,14786-Indrayaa Wellness-AOL.xlsx
FIR001797592,363265188,14783- AOL.xlsx
FIR002671389,363978161,11-300-12954-Loss working - TTPL - At Km 250+780 - DOL - 24.08.2019  .xlsx
FIR003098474,363989598,11-300-12955-Loss working - TTPL -DOL-02.09.2019- At Km 285+700 - Padalur.xlsx
FIR005529126,364371264,assessment FIR005529126.xls
FIR005518817,364403304,assessment FIR005518817.xls
FIR005580031,364737684,Self assessment.xls
FIR006109195,364756650,assessment FIR006109195.xls
FIR006109198,364759900,assessment FIR006109198.xls
FIR001417259,364894051,FIR001417259 Self assessment.xlsx
FIR001460068,364900976,FIR001460068 Self assessment.xlsx
FIR001562522,364922271,FIR001562522 Self assessment.xls
FIR003539887,364953993,FIR003539887 Self Assessment.xls
FIR003539548,364958279,FIR003539548 Self assessment.xls
FIR002092567,364972452,FIR002092567 Self assessment.xls
FIR003539880,364978048,FIR003539880 Self assessment.xls
FIR003540554,364987450,FIR003540554 Self assessment.xls
FIR003350567,366114397,ANNEXURE_01_LOSS ASSESSMENT.xlsx
FIR000878560,366223224,11-300-12612 - Loss working - UEPL - 126+000.xls
FIR001905415,366314591,14837-Rishbhlal chhajer- AOL.xlsx
FIR001757771,367778129,14784-Riddhi AOL.xlsx
FIR001501867,367806253,MUM-ILG-0630-Pidilite Industries Limited-Assessment - 11.11.2019.xls
FIR003431951,367823930,MUM-ILG-2019-0717-ICICI BANK RAJWADA CHOWK SANGALI-ASSESSMENT-21.11.2019.xls
FIR002431483,367861166,Loss Working.xls
FIR003428626,367873592,B. NAG-ILG-0042  Assessment Sheet.xlsx
FIR003482727,367949142,Loss Assessment .xlsx
FIR001083295,368270288,14570-PRO ARC WELDING- AOL.xlsx
FIR001750762,368520214,11-205-06128-Assessment-POLYPLAST.xlsx
FIR001805619,368796773,Assessment Sheet - Sweta Sales-Final.xlsx
FIR004478663,368842627,AH-10319 working.xlsx
FIR001994583,368929595,Annexure A - Assessment Sheet - Ref. 11-203-09012.xlsx
FIR002134204,368972968,14868-Dev Sweets AOL-KB.xlsx
FIR001758109,369030011,14785-Siddhi Traders AOL-27.11.2019.xlsx
FIR007234477,370048097,assessment FIR007234477.xls
FIR005849995,370260408,Essence_assessment.xlsx
FIR005809658,370700772,ANNEXURE_01_LOSS ASSESSMENt.xlsx
FIR006929364,370984899,11-300-13159  Loss working.xls
FIR007610148,370995005,"11-300-13111 - Loss working - TTPL - Km 232+050 - Passaar, Cuddalore.xlsx"
FIR005579366,371036836,FIR005579366 Self assessment.xls
FIR004565547,371040195,11-300-13031 Loss Working - UEPL (Km 186 200 Median Gedilam).xlsx
FIR002192174,371042065,FIR002192174 Self assessment.xls
FIR001010362,371043448,Loss Assessment_PIL_26-11-2019.xlsx
FIR006894243,371794632,assessment FIR006894243.xls
FIR003736336,372003493,11-301-08615 Aspen Infra - Loss Assessment dt 06.12.2019.xls
FIR004153220,372105986,15027-Geras Emerald CIty AOL.xlsx
FIR007779652,372208950,11-300-13195 - Loss working.xls
FIR007779303,372227891,11-300-13193 Loss working.xls
FIR005901368,372581002,FIR005901368 Self assessment.xls
FIR006623002,372621216,Spiral_Assessment.xlsx
FIR003442612,372914399,81360 - Final Assessment.xls.xlsx
FIR003737464,372920107,11-201-04055 - Tentative Assessment.xlsx
FIR000463714,373152862,11-302-08347 - Orange Ananthapur (Greenko) - WS (20.05.2019).xlsx
FIR001194963,373472497,11-301-08375 BETPL -  LAS  FIR001194963.xls
FIR004478663,373477879,AH-10319 working.xlsx
FIR006104833,373595255,11-301-08728 BETPL Loss assessment.xls
FIR006105172,373602091,11-301-08730 BETPL Loss assessment.xls
FIR005909855,373612969,11-301-08710 BETPL Loss assessment.xls
FIR006105534,373638924,11-301-08729 BETPL Loss assessment.xls
FIR007886855,373761044,assessment FIR007886855.xls
FIR005902402,374158293,FIR005902402 Self assessment.xls
FIR007934372,374696841,FIR007934372 Assessment.xls
FIR007934033,374702872,FIR007934033 Self Assessment.xls
FIR007934030,374714633,FIR007934030 Assessment.xlsx
FIR002133868,374822447,14869-BVU Institute of Management - AOL-KB.xlsx
FIR007935077,374927677,FIR007935077 Assessment.xls
FIR007935080,374935465,FIR007935080 Assessment.xls
FIR007936179,374948927,FIR007936179 Self assessment.xls
FIR007972551,375157269,FIR007972551 Assessment.xls
FIR007936521,375163301,FIR007936521 Assessment.xls
FIR007983410,375168492,FIR007983410 Assessment.xls
FIR004212590,375550174,15007-Krushna traders-AOL.xlsx
FIR004202097,375637434,15073-SHAGUN CORPORATION-Final AOL.xlsx
FIR001604733,375813946,11-201-03931-Assessment-Building  P and M - 24.12.2019.xlsx
FIR001266970,375911680,11-204-10018 Loss Assessment .xlsx
FIR006210849,375913613,Assessment 11-203-09286.xlsx
FIR001372784,376002702,Final Assessment.xlsx
FIR007778963,376651516,11-300-13192 Loss working.xls
FIR008127514,376674943,11 300 13212 Loss working.xls
FIR007326540,376747667,83008 Assessment.xlsx
FIR000706090,377404234,Loss Working.xlsx
FIR008127513,377720100,11-300-13214 Loss working.xls
FIR003963195,377844381,Assessment.xlsx
FIR006144676,377848402,Allied Digital AOL.xlsx
FIR000889888,378808203,MUM-ILG-2019-0445-ACC  LIMITED - WADI - GEAR BOX - PROVISIONAL ASSESSMENT - 22.11.2019.XLSX
FIR001376398,379076692,Assessment.xlsx
FIR005093711,379104001,Annexure-A.xlsx
FIR009141530,380190901,Self Assessment.xls
FIR008316450,380199240,FIR008316450 Self assessment.xls
FIR001215742,380303416,79838 - Assessment.xlsx
FIR003255153,380729304,ICICI bank Assessment.xlsx
FIR009291361,380731682,assessment FIR009291361.xls
FIR007779311,381252024,11-300-13194 Loss working.xls
FIR008286560,381318125,11-301-08769 BETPL Assessment.xls
FIR003051969,381389202,working.xlsx
FIR006795306,382357113,assessment FIR006795306.xls
FIR009142914,382454351,FIR009142914 Self Assessment.xls
FIR009142569,382465724,FIR009142569 Self Assessment.xls
FIR008653644,382892923,assessment FIR008653644.xls
FIR008315440,383114639,FIR008315440 Self assessment.xls
FIR010885337,383467234,FIR010885337 Self Assessment.xlsx
FIR010895577,383476647,FIR010895577 Self ssessment.xls
FIR007936867,383869107,FIR007936867 Assessment.xls
FIR007934718,383881954,FIR007934718 Assessment.xlsx
FIR007936862,384571527,FIR007936862 Self Assessment.xls
FIR003152850,385120306,Assessment Surindera 04664.xlsx
FIR011846331,385272311,assessment FIR011846331.xls
FIR006093528,386039353,Annexure A - Tentative Assessment - Ref. 11-203-09262.xlsx
FIR008168090,386046037,Assessment   Rajkumar Gupta 11-203-09312.xls
FIR001749768,386807247,Surveyor Gradation Survey.xlsx
FIR012908149,386970826,FIR012908149 Self assessment.xlsx
FIR009441412,387131938,assessment FIR009441412.xls
FIR009197835,387230103,ASSESSMENT.xls
FIR007569781,387257810,11-300-13186 Loss working.xls
FIR002086195,388182621,FIR002086195_Assessment.xls
FIR006591053,388778067,MUM-ILG-0864-WEENER EMPIRE PLASTICS PVT LTD-PROVISIONAL ASSESSMENT-28.01.2020.xlsx
FIR012910022,388981136,FIR012910022 Self assessment.xls
FIR012909920,388988609,FIR012909920 Self Assessment.xls
FIR012909082,388997708,FIR012909082 Self Assessment.xlsx
FIR012905354,389003698,FIR012905354 Self assessment.xls
FIR013850304,389024929,FIR013850304 Self assessment.xlsx
FIR010899332,389185504,FIR010899332 Self assessment.xlsx
FIR010894641,389193488,Self assessment.xlsx
FIR007934376,389983659,FIR007934376 Self assessment.xls
FIR010898397,389992579,FIR010898397 Self assessment.xlsx
FIR010898393,390033016,FIR010898393 Self assessment.xls
FIR004207358,390106511,15053-Sharada - AOL.xlsx
FIR011054175,390116434,FIR011054175 Self Assessment.xlsx
FIR010883477,390433513,FIR010883477 Self Assessment.xlsx
FIR000479870,390441563,11-300-12531-  Loss working - Lake view - Sterling Resort-PW-09 12 2019D....xlsx
FIR009191131,390958437,Loss Working.xlsx
FIR009959803,390965422,11-300-13259 Loss Working.xlsx
FIR012238231,390973749,11-300-13285 Loss working.xls
FIR001479615,391646509,Working of Energy Loss (GTG-1 Power Fluctuation)_24.01.2020 [Jul'19 Case].xls
FIR012213938,391667683,11-300-13284 Loss working.xls
GEN000221568,391780463,67434_Assessment_.xlsx
FIR008853239,391933507,11-300-13241 Loss working.xls
FIR014934093,392373154,FIR014934093 Self Assessment.xls
FIR008315776,392381484,FIR008315776 Self assessment.xlsx
FIR007667088,392499321,Assessment - FIR007667088.xlsx
FIR012910953,392711275,FIR012910953 Self Assessment.xlsx
FIR015442816,392719326,Assessment Sheet.xlsx
FIR008316113,392902117,FIR008316113 Self assessment.xlsx
FIR010884408,392906930,FIR010884408 Self assessment.xlsx
FIR014521642,394020645,MUM-ILG-2020-0969-COSMOS AC GGICO TRENDS PVT LTD-ASSESSMENT-29.02.2020.xlsx
FIR016524048,394530208,FIR016524048 Self assessment.xls
FIR016523115,394670263,FIR016523115 Self assessment.xls
GEN000208889,395302996,Final.xlsx
FIR014935951,395528615,FIR014935951 Self assessment.xls
FIR013602644,395577183,Loss Assessment.xls
FIR012640905,396203243,Loss Assessment.xls
FIR014269706,396680911,Loss Assessment.xls
FIR008212541,396866458,15009-Spark Enginnering-AOL.xlsx
FIR016524982,397010347,FIR016524982 Self Assessment.xls
FIR001166461,397080230,Loss Assessment.xls
FIR008613110,397097447,Loss Assessment.xlsx
FIR012236369,397260144,Working of Energy Loss (GTG Trip due to DVAR Failure dated 13.12.2019)_30.01.2020.xls
FIR006486111,397263552,Working Energy Loss (SD due to ID Fan Vibration High dated 08.11.2019 (FInal Assessment).xls
FIR008096201,397290823,15207-Niveza-FInal AOL.xlsx
FIR008095195,397298233,15210-Canwill-Final AOL.xlsx
FIR007934036,397572262,Annexure-11-203-09293-17.03.2020.xlsx
FIR001336727,398171890,Surveyor Gradation Survey.xlsx
FIR016526845,398517058,FIR016526845 Self assessment.xls
FIR018718232,398517213,FIR018718232 self assessment.xls
GEN000221578,398551134,11-205-05157 - ANNEXURE A.xls
GEN000221578,398551136,11-205-05157 - ANNEXURE A.xls
GEN000221578,398551138,11-205-05157 - ANNEXURE B - REV - 2.xlsx
FIR007937208,398575150,FIR007937208 Self assessment.xls
FIR007937205,398576831,FIR007937205 self assessment.xlsx
FIR000940281,398589751,78777-NUVOCO_ Assessment (18-03-2020).xlsx
FIR000916130,398600311,Assessment.xlsx
FIR000916130,398600313,Assessment.xlsx
FIR018460499,398604883,11-204-10954 Loss Assessment.xlsx
FIR001188073,398618115,11-203-08797-Annexure-A3-Al Hennaa-Assessment-Stock.xlsx
FIR001188073,398618163,11-203-08797-Annexure-A-A1-A2-Al Hennaa-Assessment-BPM.xlsx
FIR010897457,398625923,FIR010897457 Self assessment.xlsx
FIR017625519,398631401,FIR017625519 Self assessment.xls
FIR007565003,398797491,3219 ACC Final Assessment Jamul.xlsx
FIR001312026,398831785,Assessment of Loss - Rajkot Gujrat Solar 25-03-2020.xlsx
FIR003673431,399377586,14987-New Jai Malhar Sizers-AOL.xlsx
FIR021115766,399394791,FIR021115766 Self assessment.xls
FIR007316931,399395953,Assessment.xlsx
FIR013852161,399629110,FIR013852161 Self Assessment.xlsx
FIR001136540,399782494,Dalmia Bharat - Assessment.xlsx
FIR000662707,399795855,Wallace Assessment.xls
FIR021678340,399797590,Assessment-FIR021678340.xlsx
FIR017589782,399824633,Book1.xlsx
FIR017731351,399825539,Assessment.xls
FIR001261120,399874259,NAG-ILG-2019-0010-ACC-CHANDA-LSSR - ASSESSMENT - 21.03.2020.xlsx
FIR001261120,399874260,NAG-ILG-2019-0010-ACC-CHANDA-LSSR - ASSESSMENT - 21.03.2020.xlsx
FIR001163993,399954506,Annexure A - Assessment (Assam Company India Ltd).xlsx
FIR018461435,399968435,11-204-10952 Loss Assessment.xlsx
FIR007318703,399992428,15202-Bharat wire rope-AOL.xlsx
FIR022225000,400342497,FIR022225000 Self assessment.xls
FIR023379455,400345050,FIR023379455 Self assessment.xls
FIR023378509,400347062,FIR023378509 Self assessment.xls
FIR023380401,400347411,FIR023380401  Self assessment.xlsx
FIR023428655,400347894,FIR023428655 Self assessment.xls
FIR021023049,400348401,FIR021023049 Self assessment.xls
FIR021420546,400351103,FIR021420546 Self assessment.xls
FIR015902435,400479497,"0137, Assessment (Doomurdullung).xlsx"
FIR015056198,400483732,MUM-ILG-2020-975-PREETY DESIGN HUT.xlsx
FIR018461435,400491791,11-204-10952 Loss Assessment.xlsx
FIR023875452,400541765,FIR023875452 Self assessment.xls
FIR023874506,400547013,Assessment of  Km _130.310 LHS - .xlsx
FIR016535239,400561223,Loss Assessment.xls
FIR016524980,400639616,FIR016524980 Self Assessment.xlsx
FIR025051375,401081210,Book2.xlsx
FIR024789206,401342544,assessment FIR024789206.xls
FIR024951156,401429560,FIR024951156 Self assessment.xlsx
FIR024790154,401465374,Assess.xlsx
FIR025335470,401668583,FIR025335470  Self assessment.xls
FIR024951155,401676826,FIR024951155 Self assessment.xlsx
FIR025335843,401677564,FIR025335843 Self assessment.xls
FIR001845506,401709955,Loss working.xls
FIR025216545,401815585,Assessment.xls
FIR011166556,401971492,"MUM-ILG-2020-0942 - AMBUJA CEMENT LTD, AMBUJANAGAR - ASSESSMENT-29.04.2020.xlsx"
FIR025744394,402102584,assessment FIR025744394.xls
FIR023118666,402309062,Loss working.xlsx
FIR015697848,402328611,Energy Loss (GTG Trip due to Electrical Breaker Open dated 02.02.2020) (1).xls
FIR026698422,402366379,Assessment.xlsx
FIR025742499,402808809,FIR025742499 Self assessment.xls
FIR026132859,402856764,Assessment-04660.xlsx
FIR019676257,402877553,Assessment.xlsx
FIR024016417,402946879,Assessment.xls
FIR009977498,403021197,Assessment - 83619.xlsx
FIR004902996,403233111,MUM-ILG-2019-0822 ASSESSMENT -JSW TARAPUR - 26.05.2020.xlsx
FIR024110028,403277437,Assessment.xlsx
FIR023012003,403322824,Assessment.xlsx
FIR027296857,403377637,3544 -Buildon - Assessment.xlsx
FIR018459563,403472680,11-204-10953 Sona Sales (28-05-2020).xlsx
FIR019814351,403522658,Annexure 15 Energy Loss on actual gas price  [due to E-1211 Leakage dated 24.02.2020].xls
FIR025883724,403539457,Book1.xlsx
FIR000666750,403541245,Assessment - 28.05.2020.xlsx
FIR008671275,403723636,MUM-ILG-2019-0655-ACC LTD-ASSESSMENT - 27.05.2020.xls
FIR027804687,403749313,Assessment.xlsx
FIR027804687,403749314,Assessment.xlsx
FIR027804684,403749841,Assessment.xlsx
FIR027803736,403750199,Assessment.xlsx
FIR027803611,403750454,Assessment.xlsx
FIR027800883,403751362,Assessment.xlsx
FIR027798982,403755590,Assessment.xlsx
FIR027798034,403756960,Assessment.xlsx
FIR027798028,403758486,Assessment.xlsx
FIR027795173,403764379,Assessment.xlsx
FIR027792408,403766431,Assessment.xlsx
FIR027792326,403766953,Assessment.xlsx
FIR011847265,403804406,Loss working.xlsx
FIR028203731,403910336,Assessment Sheet.xlsx
FIR028838886,404582255,FIR028838886 Self assessment.xlsx
FIR028839852,404586683,FIR028839852 Assessment.xls
FIR028840054,404596364,FIR028840054 Assessment.xls
FIR028047423,404614253,Assessment.xls
FIR027394625,404634370,Tentative Assessment - 121823.xlsx
FIR028840817,404639696,FIR028840817  assessment.xlsx
FIR028841781,404640318,FIR028841781 Self assessment.xlsx
FIR028841784,404641124,FIR028841784 Self assessment.xlsx
FIR028928701,404641789,FIR028928701 Self assessment.xls
FIR029091927,405764978,Thorat Sujata -AOL.xlsx
FIR029907038,405861900,FIR029907038 Self assessment.xlsx
FIR027083593,405876853,Assessment- FIR027083593.xlsx
FIR029928299,405878487,Assessment.xlsx
FIR027798029,405929765,Assesment of loss (002).xlsx
FIR027798030,405933291,Assesment of loss (002).xlsx
FIR027798035,405944679,Assesment of loss (002).xlsx
FIR027798983,405960917,Assesment of loss (002).xlsx
FIR027798985,405977357,Assesment of loss (002).xlsx
FIR027801832,405991556,Assesment of loss (002).xlsx
FIR027802779,405996156,Assesment of loss (002).xlsx
FIR027802782,406004652,Assesment of loss (002).xlsx
FIR027802784,406010495,Assesment of loss (002).xlsx
FIR027803731,406014118,Assesment of loss (002).xlsx
FIR027804334,406014554,Assesment of loss (002).xlsx
FIR027804686,406015327,Assesment of loss (002).xlsx
FIR027804690,406015870,Assesment of loss (002).xlsx
FIR027806591,406016708,Assesment of loss (002).xlsx
FIR015444673,406039283,11-300-13353 working 10.06.2020.xlsx
FIR029906069,406106964,FIR029906069 Self assessment.xlsx
FIR029908003,406121693,FIR029908003 Self assessment.xls
FIR029925401,406245591,Assessment.xlsx
FIR029110297,406451734,Duro shox-AOL.xls
FIR001483808,406554165,Assessment.xlsx
FIR030217409,406604595,FIR030217409 Self assessment.xls
FIR030218374,406661327,FIR030218374 Sself assessment.xls
FIR026004787,406772305,11-201-04249-Assessment-IAR-Kaira Dist. Co.Op. Milk-Virar Dairy.xlsx
FIR001896616,406834569,FINAL ASSESSMENT.xlsx
FIR030220108,406960902,FIR030220108 Self assessment.xlsx
FIR001427192,407096093,Annexure A- 0013 Assessment.xlsx
FIR029812516,407303020,MUM-ILG-2020-01129-CHIHTAMAHI PAPER STORES-ASSESSMENT-16.06.2020.xls
FIR024104344,407457174,11-300-13478 - Lysaght Poles - Working.xlsx
FIR031067168,407584158,FIR031067168   Self assessment.xls
FIR025753986,407929593,FIR025753986 Self assessment.xls
FIR025753988,407931318,FIR025753988 Self assessment.xlsx
FIR025752090,407933068,FIR025752090  Self assessment.xls
FIR025751109,407938473,FIR025751109 Self assessment.xlsx
FIR028392919,408093277,Book2.xlsx
FIR027764845,408135236,3578 Precision Assessment 22.06.2020.xlsx
FIR027660813,408234426,assessment FIR027660813.xls
FIR031068143,408242153,FIR031068143 Self assessment.xls
FIR028674514,408242773,FIR028674514 Self assessment.xlsx
FIR010899327,408243965,FIR010899327 Self assessment.xlsx
FIR031216089,408321351,Assessment for DMP Projects.xlsx
FIR029111265,408325181,Assessment for Ratan Projects.xlsx
FIR026877359,408354682,Assessment- FIR026877359.xlsx
FIR028263026,408471957,Assessment -121732.xls
FIR031748748,408520031,FIR031748748 Self assessment.xlsx
FIR029228041,408526805,FIR029228041- Assessment.xlsx
FIR027377047,408660659,Assessment - FIR027377047.xlsx
FIR028835989,408693138,assessment FIR028835989.xls
FIR028835992,408716915,assessment FIR028835992.xls
FIR029209607,408718556,assessment FIR029209607.xls
FIR029120933,408719646,15450-Om industries-Assessment of loss.xlsx
FIR031986278,408867266,FIR031986278 Self assessment.xls
FIR031987208,408874297,FIR031987208 Self assessment.xls
FIR031985313,408880253,FIR031985313 Self assessment.xls
FIR026020030,408958696,11-300-13514 Loss Assessment.xlsx
FIR020176476,408963232,11-300-13435 loss working 26.06.20......xlsx
FIR031068145,409032024,FIR031068145 Self assessment.xls
FIR030039361,409408708,Assessment.xlsx
FIR028799139,409421691,assessment FIR028799139.xls
FIR028804957,409427611,assessment FIR028804957.xls
FIR029262015,409518739,Assessment.xlsx
FIR029216387,409538390,assessment FIR029216387.xls
FIR029677277,409540313,assessment FIR029677277.xls
FIR030040328,409612894,15502-RAUT ACCIDENT AND FACTUER HOSPITAL -AOL.xlsx
FIR031988220,409664950,Loss working.xlsx
FIR031988218,409667414,Loss working.xlsx
FIR031988216,409670676,Loss working.xlsx
FIR027417804,409713238,Asian Tea Company Assessment.xls
FIR016670417,409778616,assessment_FIR016670417.xlsx
FIR011709819,410339308,83822 - Assessment of Loss.xls
FIR029934097,410599823,assessment FIR029934097.xls
FIR032139373,410725919,Loss working.xlsx
FIR027247518,411218785,Assessments Rishi jain.xlsx
FIR030406622,411537066,MUM-ILG-2019-0748-JOHN DEERE-ASSESSMENT-29.02.2020.xlsx
FIR030219342,411802797,FIR030219342 Self assessment.xlsx
FIR030219159,411804435,FIR030219159 Self assessment.xlsx
FIR031066173,411816348,FIR031066173 Self assessment.xlsx
FIR004327809,411878882,2634 Ambuja cement Assessment 21.05.20.xlsx
FIR029910905,411933643,Book1.xlsx
FIR031160780,411943799,Assessment.xlsx
FIR031160780,411968190,Assessment.xlsx
FIR033543910,411997718,Book2.xlsx
FIR029097728,412022496,MUM-ILG-2020-1063-JTL INFRA LIMITED-ASSESSMENT-07.07.2020.xlsx
FIR033051269,412067817,11-201-04300-Assessment-Composite Prepreg Manufactures..xlsx
FIR034709201,412151353,Loss working.xlsx
FIR028820434,412244704,calculation working - FIR028820434.xlsx
FIR032738988,412251544,Loss working.xlsx
FIR028956766,412278528,Assessment.xls
FIR030658505,412279212,Assessment 11-203-09551.xlsx
FIR030635267,412286457,assessment FIR030635267.xls
FIR034890820,412401104,FIR034890820 self assessment.xlsx
FIR033221817,412740215,FIR033221817 Self assessment.xlsx
FIR031859789,412764388,Assessment Sheet.xlsx
FIR020592097,413331760,Assessment.xls
FIR029086121,413388697,assessment FIR029086121.xls
FIR035176849,413481718,FIR035176849 self assessment.xls
FIR029223173,413516707,Assessment.xlsx
FIR001490849,413696786,Annexurer A -Ref  11-203-08914.xlsx
FIR034277846,413978480,Loss working.xlsx
FIR032715275,414179545,11-204-11154-Loss Assessment.xlsx
FIR029643894,414225715,Assessment.xlsx
FIR036283475,414321382,FIR036283475 Self assessment.xlsx
FIR036283478,414325571,FIR036283478 Self assessment.xlsx
FIR036430651,414333842,FIR036430651- Assessment.xlsx
FIR036278085,414334997,FIR036278085 Slef assessment.xlsx
FIR035970645,414354373,Assessment - Monabarie 29.05.2020.xlsx
FIR035937216,414370232,FIR035937216- Assessment.xlsx
FIR030343822,414403301,Assessment.xlsx
FIR033810971,414567792,Assessment.xlsx
FIR033828879,414621388,assessment FIR033828879.xls
FIR034744833,414622694,assessment FIR034744833.xls
FIR035366193,414623442,assessment FIR035366193.xls
FIR014933162,414642516,15314-Sahyadri Services-Assessment of loss.xlsx
FIR036142674,414643171,assessment FIR036142674.xls
FIR036278087,414685051,FIR036278087 Self assessment.xlsx
FIR033676055,414689990,FIR033676055 Self assessment.xlsx
FIR036284557,414725335,FIR036284557 self assessment.xlsx
FIR036284552,414737681,FIR036284552 self assessment.xlsx
FIR036874087,414759594,FIR036874087- Assessment.xlsx
FIR035958800,414763937,Assessment -FIR035958800.xlsx
FIR033221105,414887108,FIR033221105 Self assessment.xlsx
FIR035613919,414957653,Loss workign.xlsx
FIR035983633,415148294,Loss workign.xlsx
FIR032910736,415169812,Assessment_FIR032910736.xlsx
FIR036924017,415174049,FIR036924017 Self assessment.xlsx
FIR036924016,415174423,assessment FIR036924016.xlsx
FIR036922943,415174930,assessment FIR036922943.xlsx
FIR036921871,415175553,Assessment  - FIR036921871.xlsx
FIR036932602,415185793,Assessment.xlsx
FIR026431676,415209346,15390-Noble Polypack-AOL.xlsx
FIR034862863,415289011,Loss working (Autosaved).xlsx
FIR034859535,415290311,Loss working (Autosaved).xlsx
FIR032868815,415297971,FIR032868815-Assessment.xlsx
FIR025073305,415336599,Assessment- Final 10.07.2020.xls
FIR035176854,415365348,FIR035176854 Self assessment.xlsx
FIR030223209,415381374,Final Loss Assessment.xlsx
FIR001656056,415401326,Assessment.xlsx
FIR029090958,415619564,15435-Shri swami samarth -AOL (1).xlsx
FIR030215473,415650663,Book1.xlsx
FIR037532130,416323229,Assessment.xlsx
FIR027236149,416698699,Revised Assessment - FIR027235201.xlsx
FIR000608451,416789557,Assmt - dalmia -Yadwad -  Crusher Rooler Claim.xlsx
FIR000608451,416789560,Assmt - dalmia -Yadwad -  Crusher Rooler Claim.xlsx
FIR000434990,416793998,Loss Assessment Mill-1 -11-405-00564.xlsx
FIR037374198,416801596,Loss workign.xlsx
FIR018450039,417166497,Assessment - 120916.xlsx
FIR038440397,417381647,FIR038440397 Self assessment.xlsx
FIR037032319,417429184,Loss working.xlsx
FIR039207618,417512086,AKC Assessment.xlsx
FIR039172090,417568378,Loss working.xlsx
FIR038423000,417757950,Assessment.xls
FIR022183087,417836080,Final Assessment Dorf Ketal 07 Aug 2020.xlsx
FIR037022640,417843977,Assessment.xlsx
FIR038610254,417976159,MUM-ILG-2020-1275-CHINTAMAHI PAPER STORES-ASSESSMENT-13.08.2020.xls
FIR037196737,418013930,FIR037196737 Self assessment.xls
FIR039017045,418032298,Assessment- FIR039017045.xlsx
FIR039021338,418032965,Assessment- FIR039021338.xlsx
FIR039224858,418051105,FIR039224858 self assessment.xlsx
FIR037997409,418052073,FIR037997409 self assessment.xlsx
FIR034707052,418087380,FIR034707052-Assessment.xlsx
FIR026685009,418113088,"0146 - Assessment, Bhooteachang.xlsx"
FIR026875466,418113305,"0150, Assessment - Mijicajan.xlsx"
FIR026877358,418113624,"0151, Assessment - Pertabghur (15-Apr-20).xlsx"
FIR026686902,418114026,"0147, Assessment - Dimakusi (9-Apr-20).xlsx"
FIR026887785,418114307,"0163, Assessment - Dimakusi (15-Apr-20).xlsx"
FIR027511404,418130954,Assessment - FIR027511404.xlsx
FIR038933485,418525204,MUM-ILG-2020-1284_Ms. Gandharva CHS. Ltd._FIR038933485_Assessment Sheet_14.08.2020.xls
FIR037379588,418535823,Loss working.xlsx
FIR030765056,418553086,11-301-09004 Gokulam - OLTC -loss assessment.xlsx
FIR040138184,418587215,MUM-ILG-2020-1283_Ms. Prajapati Arcade CHS. Ltd._Assessment Sheet_12.08.2020.xls
FIR000965789,418619472,MUM-ILG-2019-0454-ACC - CHANDA - GEAR BOX - ASSESSMENT - 04.08.2020 - FSR.xlsx
FIR030624562,418661753,Assessment - FIR030624562.xlsx
FIR037213944,418793091,assessment FIR037213944.xls
FIR033674978,418799136,assessment FIR033674978.xls
FIR036304070,418824533,assessment FIR036304070.xls
FIR040314629,418921951,Book3.xlsx
FIR038750478,418958681,Loss working.xlsx
FIR039341965,419012605,FIR039341965 Self assessment.xlsx
FIR035825380,419073201,Assessment.xlsx
FIR039685131,419077950,Loss workign.xlsx
FIR035066159,419383678,Loss working.xlsx
FIR029764989,419500318,Bajaj Assessment.xlsx
FIR039658219,419565115,Loss working.xlsx
FIR031194310,419574332,Assessment.xls
FIR040151195,419886480,FIR040151195 Self assessment.xlsx
FIR040153346,419984047,FIR040153346 Self assessment.xlsx
FIR034598727,420143623,15452-Smartchem-AOL.xlsx
FIR037007617,420208141,Draft Assessment 11-404-02100 Shruti Food Products.xlsx
FIR040576682,420209987,"0222, Assessment - Itakhooli Tea Estate.xlsx"
FIR040418531,420317281,"0199, Assesment - Paneery Tea Estate.xlsx"
FIR040418533,420318774,"0200, Assessment - Borengajuli.xlsx"
FIR040419610,420319834,"0204, Assessment - Corramore.xlsx"
FIR040424989,420442299,Assessment - Attareekhat Flash Flood 09-07-2020.xlsx
FIR040573446,420455951,Assessment - Attareekhat.xlsx
FIR041402177,420459380,Assessment - Dirial TE.xlsx
FIR041396966,420488226,FIR041396966 Self assessment.xlsx
FIR038466289,420777769,11-300-13664 loss working.xlsx
FIR040774656,420908655,Loss working.xlsx
FIR038278932,420955398,Final Assessment 25-08-2020.xlsx
FIR040154433,421061626,FIR040154433 Self assessment.xlsx
FIR040153350,421120085,FIR040153350 Self assessment.xlsx
FIR039225939,421124301,FIR039225939 Self assessment.xlsx
FIR037007617,421184878,FIR037007617-Assessment.xlsx
FIR040297357,421211272,Assessment.xlsx
FIR040298440,421214090,Assessment.xlsx
FIR041561619,421217218,Assessment.xlsx
FIR040575605,421228109,"0210 Assesment, Itakhooli Tea  Estate.xlsx"
FIR040773578,421230566,Loss working.xlsx
FIR035175770,421378604,Assessment 11-203-09581.xlsx
FIR038273937,421678410,Assessment.xlsx
FIR033645862,421736055,Transport Solutions - AOL (Storm).xlsx
FIR031572797,421848498,Book1.xlsx
FIR033795527,421894179,Book1.xlsx
FIR028851600,421897836,3697 Moongipa Assessment 24.08.20.xlsx
FIR028931601,421984601,15418-DSM-Assessment of loss.xls
FIR041836806,422148427,Loss working.xlsx
FIR028047423,422547752,FIR028047423-Revised Assessment.xlsx
FIR029240622,422767653,Assessment.xlsx
FIR036482256,422800497,Assessment - 123852.xlsx
FIR031296063,422999402,Loss working.xlsx
FIR028979993,423058009,Motherhood Hebbal - Assessment.xlsx
FIR042475430,423520174,FIR042475430 Self assessment.xlsx
FIR042477582,423605449,FIR042477582 Self assessment.xlsx
FIR042631007,423607166,FIR042631007  self assessment.xlsx
FIR025365187,423702722,MUM-ILG-01032-2020-NAVJYOT CHEMICAL-ASSESSMENT-01.09.2020.xls
FIR042630075,423782624,FIR042630075 Self assessment.xlsx
FIR038632861,423929131,Assessment-ILG_184.xlsx
FIR029127684,425041485,Final Assessment CG power-AOL.xlsx
FIR026693535,425155044,Assessment- FIR026693535.xlsx
FIR038593007,425187746,assessment FIR038593007.xls
FIR025988693,425197868,FIR025988693- Assessment.xlsx
FIR042637069,425203409,Exide assessment.xlsx
FIR042636056,425253823,FIR042636056 Self assessment.xlsx
FIR040168524,425265713,assessment FIR040168524.xls
FIR039229182,425403039,MUM-ILG-2020-01244-SANGEETA KHIALANI-BUILDING-PROVISIONAL ASSESSMENT-26.08.2020.xlsx
FIR042633947,425479825,Assessment- FIR042633947.xlsx
FIR042476506,425571100,FIR042476506 self assessment.xlsx
FIR042476506,425575312,FIR042476506 self assessment.xlsx
FIR042630101,425579698,FIR042630101 Self assessment.xlsx
FIR042630079,425584141,FIR042630079 Self assessment.xlsx
FIR038621020,425585987,PUN-ILG-2020-0185 Assessment.xlsx
FIR042630083,425606824,FIR042630083 Self assessment.xlsx
FIR042630087,425644857,FIR042630087 Self assessment.xlsx
FIR042637864,425711271,FIR042637864 Self assessment.xlsx
FIR042637867,425715469,FIR042637867 Self assessment.xlsx
FIR039847513,425734418,Book3.xlsx
FIR027417806,425771269,Assessment - 121889.xlsx
FIR026161001,425778474,FIR026161001 self assessment.xlsx
FIR042637860,425952956,FIR042637860 self assessment.xlsx
FIR035958800,426052002,Assessment- FIR035958800.xlsx
FIR041986247,426097422,MUM-ILG-2020-1359-PACIFIC REFRACTORIES LIMITED-ASSESSMENT-17.09.2020.xls
FIR042630097,426289184,FIR042630097 self assessment.xlsx
FIR039576571,426292190,FIR039576571 self assessment.xlsx
FIR039575499,426296707,FIR039575499 self assessment.xlsx
FIR039575498,426300552,FIR039575498 Self assessment.xlsx
FIR039572284,426301291,FIR039572284 Self assessment.xlsx
FIR027767688,426414788,khaitan assessment.xlsx
FIR036282401,426515985,Assessment.xlsx
FIR009694355,426868134,MUM-ILG-2020-0924-GALAXY SURFACTANTS LTD-PROVISIONAL ASSESSMENT-18.09.2020.xlsx
FIR042637857,426890950,MUM-ILG-2019-0859-AJIT PHARMA- ASSESSMENT.xlsx
FIR041358117,426912823,Assessment.xls
FIR042642108,427002068,Assessment.xlsx
FIR036304068,427135242,Assessment_15sep20.xlsx
FIR042632693,427141197,Assessment_15sep20.xlsx
FIR042637014,427159179,Assessment_15sep20.xlsx
FIR042629405,427172518,Assessment.xls
FIR040791899,427279783,assessment FIR040791899.xls
FIR041857299,427313187,assessment FIR041857299.xls
FIR042319182,427330101,assessment FIR042319182.xls
FIR041220188,427398163,Assessment.xls
FIR031193854,427499181,11-301-09013_loss Assessment_Aspen Infra Padubidri.xlsx
FIR042642212,427818483,FIR042642212 Self aassessment.xlsx
FIR042642202,427823379,FIR042642202 Self assessment.xlsx
FIR042270650,427848651,11-300-13724 - Prop John Thomas - Working.xlsx
FIR021690414,427919995,Annexure released 26 Sept 20.xlsx
FIR042641470,428123140,Assessment.xlsx
FIR028234498,428293629,Assessment.xlsx
FIR033204979,428362786,Assessment.xls
FIR035323229,428375681,Assessment - FIR035323229.xlsx
FIR026405195,428381840,15393-Rudrapratap Indian Logistics -AOL.xlsx
FIR026404248,428381931,15392-Rudrapratap Indian Logistics-AOL.xlsx
FIR038411775,428382960,Assessment.xlsx
FIR039228098,428385850,MUM-ILG-2020-01243-SANMEERRA-PROVISIONAL ASSESSMENT-26.09.2020.xlsx
FIR042642099,428490072,FIR042642099 Self assessment.xlsx
FIR028995423,428551564,Assessment - FIR028995423.xlsx
FIR026180904,434378060,FIR026180904 Self assessment.xlsx
FIR027135727,434378786,FIR027135727 self assessment.xlsx
FIR026715344,434380087,FIR026715344 Self assessment.xlsx
FIR036482256,438292527,Assessment - 123852.xlsx
FIR025102441,438651115,Tentative assessment-pasupati.xlsx
GEN000227645,259342574,Omega assessment.xlsx
FIR000424245,260224035,Assessment (Sent)-BI.xlsx
GEN000253695,262129458,Revised Assessment.xlsx
GEN000253130,293072433,13678-Janalakshmi Financial Service Fire -Mail 7.12.2018 ASSESSMENT.xls
FIR000460295,296679551,11-301-07919 Assessment - Mantri Primus[4].xlsx
GEN000253177,308809352,11-301-07505 A Assessment.xlsx
FIR000428481,311685005,DEL-ILG-0925 Ind Swift Assessment 20.02.19.xlsx
FIR000873673,338623587,Assessment - 11-203-8679.xlsx
FIR001209332,346714110,Building Assessment - Final.xlsx
FIR001209331,347404814,Stock Assessment.xlsx
FIR001209168,348194927,11-301-08377 Sonarome - Loss Assessment.xls
FIR002179054,348203189,11-301-08536 dt. 23.08.19 Mahalakshmi Cashew - Assessment.xlsx
FIR000486602,356374710,Assessment 100419 - Final.xlsx
FIR000486588,356455211,Final Assessment 100415.xlsx
FIR001448654,361086682,11-301-08492 Jude Gerald- Assessment.xlsx
FIR001020915,366561751,79060-Assessment of Loss.xlsx
FIR001260452,367755527,11-301-08404 Syndicate Bank - Assessment dt. 13.11.2019.xlsx
FIR006479327,368581074,FIR006479327-JOB NO.3150-Final Assessment.xlsx
FIR006478649,368598402,FIR006478649-JOB NO.-3152-Final Assessment.xlsx
FIR006478651,368610513,FIR006478651-JOB NO.3151-Final Assessment.xlsx
FIR006479326,368617324,FIR006479326-JOB NO.3153-Final Assessment.xlsx
FIR004909695,368834972,10102_Assessment_Reliance Retail.xlsx
FIR001294516,374924975,Photo send with FSR.xlsx
FIR006776829,375808200,11-301-08742 Prestige Mysore Retail  - Loss Assessment.xlsx
FIR008948945,379515198,04158-Assessment.xlsx
FIR009810144,387059507,11-301-08805 Purva Foundation Assessment.xlsx
FIR002183387,392999249,Annexure A - Assessment Sheet - 11-203-09043.xlsx
FIR002921567,398872097,11-204-10623 Loss Assessment (16.03.2020).xlsx
FIR027417804,409713237,Re  Asian Tea Company Assessment xls.msg
FIR008464717,415467780,Final Assessment Working.xlsx
FIR008464717,415468493,Final Assessment Working.xlsx
FIR000460988,416795005,Loss Assessment Mill-2 -11-405-00565.xlsx
FIR000460988,416795015,Loss Assessment Mill-2 -11-405-00565.xlsx
FIR027279740,417851390,Plumbum Revisied Assessment.xlsx
FIR024758904,421304280,DRAFT ASSESSMENT - MS SURANA TELECOM AND POWER LIMITED.xlsx
FIR028812694,421869854,ASSESSMENT  MYK LATICRETE INDIA PVT LTD - COMPOUND WALL.xlsx
FIR040442433,426158325,Loss Assessment - Delux Polychem.xlsx
GEN000227645,259342574,Omega assessment.xlsx
GEN000253130,293072433,13678-Janalakshmi Financial Service Fire -Mail 7.12.2018 ASSESSMENT.xls
GEN000253177,308809352,11-301-07505 A Assessment.xlsx
GEN000253695,262129458,Revised Assessment.xlsx
FIR000424245,260224035,Assessment (Sent)-BI.xlsx
FIR000428481,311685005,DEL-ILG-0925 Ind Swift Assessment 20.02.19.xlsx
FIR000460988,416795015,Loss Assessment Mill-2 -11-405-00565.xlsx
FIR000460988,416795005,Loss Assessment Mill-2 -11-405-00565.xlsx
FIR000460295,296679551,11-301-07919 Assessment - Mantri Primus[4].xlsx
FIR000486588,356455211,Final Assessment 100415.xlsx
FIR000486602,356374710,Assessment 100419 - Final.xlsx
FIR000873673,338623587,Assessment - 11-203-8679.xlsx
FIR001020915,366561751,79060-Assessment of Loss.xlsx
FIR001209331,347404814,Stock Assessment.xlsx
FIR001209332,346714110,Building Assessment - Final.xlsx
FIR001294516,374924975,Photo send with FSR.xlsx
FIR001260452,367755527,11-301-08404 Syndicate Bank - Assessment dt. 13.11.2019.xlsx
FIR001448654,361086682,11-301-08492 Jude Gerald- Assessment.xlsx
FIR002179054,348203189,11-301-08536 dt. 23.08.19 Mahalakshmi Cashew - Assessment.xlsx
FIR001209168,348194927,11-301-08377 Sonarome - Loss Assessment.xls
FIR002335247,367170827,11-301-08565 Syndicate Bank - loss assessment dt  30.10.19.xls
FIR002183387,392999249,Annexure A - Assessment Sheet - 11-203-09043.xlsx
FIR002135202,355762741,Assessment-Pandurang Tailors-FIR002135202.xlsx
FIR004909695,368834972,10102_Assessment_Reliance Retail.xlsx
FIR006478649,368598402,FIR006478649-JOB NO.-3152-Final Assessment.xlsx
FIR006478651,368610513,FIR006478651-JOB NO.3151-Final Assessment.xlsx
FIR006479326,368617324,FIR006479326-JOB NO.3153-Final Assessment.xlsx
FIR006479327,368581074,FIR006479327-JOB NO.3150-Final Assessment.xlsx
FIR006241766,369197146,45015 - Assessment Mumbai - 32 sites.xlsx
FIR006441607,369201163,46556 - Assessment.xlsx
FIR006440218,369165116,46056 - Assessment.xlsx
FIR006440912,369124485,46061 - Assessment.xlsx
FIR006535487,369122868,48562 - Assessment.xlsx
FIR007172777,369213455,45863  Assessment.xlsx
FIR007172777,369210310,Assessment - 47447.xlsx
FIR002921567,398872097,11-204-10623 Loss Assessment (16.03.2020).xlsx
FIR006438923,369206523,Assessment - 46031.xlsx
FIR006776829,375808200,11-301-08742 Prestige Mysore Retail  - Loss Assessment.xlsx
FIR008464717,415468493,Final Assessment Working.xlsx
FIR008464717,415467780,Final Assessment Working.xlsx
FIR008177614,375976885,46556  Assessment.xlsx
FIR009810144,387059507,11-301-08805 Purva Foundation Assessment.xlsx
FIR022995284,415496099,84708-Assessment.xls
FIR027417804,409713237,Re  Asian Tea Company Assessment xls.msg
FIR027279740,417851390,Plumbum Revisied Assessment.xlsx
FIR028812694,421869854,ASSESSMENT  MYK LATICRETE INDIA PVT LTD - COMPOUND WALL.xlsx
FIR024758904,421304280,DRAFT ASSESSMENT - MS SURANA TELECOM AND POWER LIMITED.xlsx
FIR040442433,426158325,Loss Assessment - Delux Polychem.xlsx
