CLAIM_REF_NO,DOCUMENT_NAME,Claim Amount Bucket
GEN000238856,11-302-07666- Andhra Pradesh Expressway Ltd - FSR-GEN000238856.pdf,NIL Claim
GEN000239302,CHEP Interim Survey Report.pdf,NIL Claim
GEN000207338,11-300-10857 - RAMCO - Status Report-Signed.pdf,NIL Claim
GEN000251285,71473 (MAR - 2018) - FSR.pdf,NIL Claim
GEN000253072,ROQUETTE ILA Centre Lab.pdf,NIL Claim
GEN000253072,ROQUETTE ILA Centre Lab.pdf,NIL Claim
GEN000252556,FSR1.pdf,NIL Claim
GEN000252556,FSR2.pdf,NIL Claim
GEN000252556,FSR3.pdf,NIL Claim
GEN000254336,11-201-03474-ILA-Amul Feed Plant.pdf,NIL Claim
GEN000250222,2017517-Galderma FSR.pdf,NIL Claim
GEN000253233,71678_FSR.pdf,NIL Claim
GEN000233253,Amitabh Bachchan Final Survey Report.pdf,NIL Claim
GEN000254326,MY-781-FINAL SURVEY REPORT-DODLA DAIRY LTD.pdf,NIL Claim
GEN000241585,MY-781-FINAL SURVEY REPORT-DODLA DAIRY LTD.pdf,NIL Claim
GEN000241585,2017393 -Gerdau Steel India Pvt Ltd (FSR).pdf,NIL Claim
GEN000255451,Withdraw email.pdf,NIL Claim
GEN000255451,cwp ratlam withdraw.pdf,NIL Claim
GEN000230828,International Paper Appm Survey Report FSR.pdf,NIL Claim
GEN000238960,11-201-03338-FSR-Cema Lighting.pdf,NIL Claim
GEN000237741,FSR 237741.pdf,NIL Claim
GEN000254736,11-104-03964- Signed FSR.pdf,NIL Claim
GEN000252262,11-201-03452-FSR-The Panchmahal-Khandia - Final.pdf,NIL Claim
FIR000257569,72528(APR-2018)-FSR.pdf,NIL Claim
GEN000256196,MUM-ILG-0135 - Kiran - FSR - 10.05.2018.pdf,NIL Claim
GEN000238856,11-302-07666- Andhra Pradesh Expressway Ltd - FSR-GEN000238856- Nil Claim.pdf,NIL Claim
GEN000255552,Schreiber ILA 11 101 04285.pdf,NIL Claim
FIR000258629,2018 MIS ICI 427 FSR (2).pdf,NIL Claim
FIR000257333,Invoice.pdf,NIL Claim
GEN000254736,Signed FSR GEN000254736.pdf,NIL Claim
GEN000240000,3017199 ICICI Securities Ltd-FSR-Final.pdf,NIL Claim
GEN000256478,11-302-07949 - Duraline India - FSR (Signed).pdf,NIL Claim
GEN000255247,11-301-07542 FSR dated 30.05.18.pdf,NIL Claim
FIR000257732,MY-798-DIVIS LABORATORIES LTD-REVISED PSR.pdf,NIL Claim
FIR000258555,ILA Property.pdf,NIL Claim
GEN000247773,Sai Cold Storage Policy Copy.pdf,NIL Claim
GEN000251290,71468 (2018-MAR) No Claim Report.pdf,NIL Claim
GEN000247773,0577 - Sai Cold Storage - FSR - 31.05.pdf,NIL Claim
FIR000412362,lakhani fsr.pdf,NIL Claim
FIR000416082,ILA Property.pdf,NIL Claim
FIR000416055,0843 - Grand Amari - ILA.pdf,NIL Claim
FIR000415948,ILA Property.pdf,NIL Claim
GEN000251809,MY-773-FSR-SHIVA SAI ENTERPRISES.pdf,NIL Claim
GEN000250123,11-202-04383 FSR.pdf,NIL Claim
FIR000257732,MY-798-DEVIS LABORATORIES FSR.pdf,NIL Claim
FIR000415226,MUM-ILG-2018-0164 - WOCKHARDT - FSR - 11.06.2018.pdf,NIL Claim
FIR000413568,FSR 7616.pdf,NIL Claim
GEN000256007,MUM-ILG-0130 - GRP Ltd. - FSR - 12.06.2018.pdf,NIL Claim
FIR000418070,FSR.pdf,NIL Claim
FIR000259251,FSR FIR000259251.pdf,NIL Claim
FIR000258477,FSR FIR000258477.pdf,NIL Claim
FIR000257445,FSR FIR000257455.pdf,NIL Claim
GEN000256666,FSR GEN000256666.pdf,NIL Claim
GEN000255449,cwp devgarh fsr.pdf,NIL Claim
FIR000416273,MUM-ILG-2018-0172 - Sambhav Co-op Hsg Soc Ltd - FSR - 19 06 2018.pdf,NIL Claim
FIR000416273,MUM-ILG-2018-0172 - Sambhav Co-op Hsg Soc Ltd - FSR - 19 06 2018.pdf,NIL Claim
GEN000256275,FSR.pdf,NIL Claim
FIR000409491,11-204-09017 - FSR - Bajaj Electricals Limited.pdf,NIL Claim
FIR000419518,73332 (JUN-2018)- FSR.pdf,NIL Claim
FIR000419479,73309 (2018 - MAY) - Ma Umiya.pdf,NIL Claim
FIR000411670,820 - RAIN CEMENTS LIMITED PSR.pdf,NIL Claim
FIR000413967,MY-825-RAIN CEMENTS LTD PSR.pdf,NIL Claim
FIR000414174,MY-826-RAVI FOODS PVT LTD PSR.pdf,NIL Claim
GEN000254004,"18-1720,SJR Infrastructure Pvt Ltd,ILA.pdf",NIL Claim
FIR000420226,73354-No Claim Report.pdf,NIL Claim
FIR000420224,73353-No Claim Report (3).pdf,NIL Claim
FIR000412525,sultanpure fire report.pdf,NIL Claim
FIR000412435,GVK POWER GOINDWAL SAHIB LIMITED_1012_115897379_04_000_final.pdf,NIL Claim
FIR000419854,7688 FSR.pdf,NIL Claim
FIR000415303,11-204-09005-FSR.pdf,NIL Claim
FIR000420299,FINAL SURVEY REPORT.pdf,NIL Claim
FIR000420370,IAR-1806-18475_Siddhi CHS Ltd_FSR.pdf,NIL Claim
FIR000415907,00773-FSR-Burckhardt.pdf,NIL Claim
FIR000258748,Claim FIR000258748 CH.113.700 LHS to CH.130.000 LHS  ECB - Report.pdf,NIL Claim
FIR000417915,NIL FSR.pdf,NIL Claim
FIR000419685,73329_FSR.pdf,NIL Claim
FIR000414097,FSR PRINCE INTL 11 101 04313.pdf,NIL Claim
GEN000239174,IN11-1106-1711-2004 ILA.pdf,NIL Claim
FIR000413712,11-400-13133 Bajaj Electricals FSR.pdf,NIL Claim
FIR000413712,11-400-13133 Bajaj Electricals FSR.pdf,NIL Claim
FIR000416697,FINAL SURVEY REPORT Varsova.pdf,NIL Claim
FIR000420465,FINAL SURVEY REPORT.pdf,NIL Claim
GEN000239302,CHEP FSR.pdf,NIL Claim
FIR000418321,11-204-09083-FSR- Shrreji Wire Industries.pdf,NIL Claim
FIR000411169,FSR CCSE.pdf,NIL Claim
FIR000419721,1588-Report Scan.pdf,NIL Claim
GEN000256728,72014 No claim report.pdf,NIL Claim
FIR000419954,73338 (2018-JUN).pdf,NIL Claim
GEN000221831,Uma Sales Stocks FSR.pdf,NIL Claim
GEN000221831,UMA SALES STOCK STATEMENT.pdf,NIL Claim
GEN000221831,GEN000221831_NCQ_01.pdf,NIL Claim
GEN000221862,BHOLE BABA-FIRE SURVEY REPORT.pdf,NIL Claim
GEN000222363,FSR 1.pdf,NIL Claim
GEN000226957,11_200_12589_FSR- SACHIN CHEMICAL (3)-final ypg.pdf,NIL Claim
FIR000430505,11-203-08166_ILA.pdf,NIL Claim
FIR000425786,IAR-1806-18991_ACG Associated Capsules Pvt.pdf,NIL Claim
FIR000424970,IAR-1806-18934_Godrej-Tyson_Taloja_ICICI Lombard_FSR.pdf,NIL Claim
GEN000218211,EXIDE FSR.pdf,NIL Claim
FIR000432289,13966-Radhika fabrics- ILA.pdf,NIL Claim
GEN000218211,EXIDE FSR.pdf,NIL Claim
GEN000248301,Development Management FSR.pdf,NIL Claim
FIR000257794,1744-Sudhakar - 000257794 FSR.pdf,NIL Claim
FIR000426723,MUM-ILG-2018-0188 - Propel Developers - FSR - 05 07 2018.pdf,NIL Claim
FIR000432658,11-201-03580-ILA-Kaira District-Khatraj-Compound Wall.pdf,NIL Claim
FIR000435154,11-200-13948 - QAD India PvtLtd - ILA.pdf,NIL Claim
FIR000435154,11-200-13948 - QAD India PvtLtd - FSR.pdf,NIL Claim
FIR000432289,13966-Radhika fabrics-Revised-ILA.pdf,NIL Claim
FIR000432568,11-205-05663 - ILA - BLUE STAR.pdf,NIL Claim
FIR000421309,FSRakh.pdf,NIL Claim
FIR000416681,FSR.pdf,NIL Claim
FIR000419564,564 FSR.pdf,NIL Claim
FIR000417968,REPORT.pdf,NIL Claim
GEN000239609,FSR - GEN000239609.pdf,NIL Claim
GEN000241964,FSR - GEN000241964.pdf,NIL Claim
GEN000256520,FSR - GEN000256520.pdf,NIL Claim
FIR000434596,74001 ILA.pdf,NIL Claim
FIR000414092,SCHREIBER FSR.pdf,NIL Claim
FIR000410391,72830 (MAY - 2018) - No Claim FSR.pdf,NIL Claim
FIR000432568,11-205-05663 - FIR000432568 - FSR.pdf,NIL Claim
FIR000424314,73594 ( JUN-2018)-FSR.pdf,NIL Claim
GEN000253072,ROQUETTE FSR.pdf,NIL Claim
FIR000259297,FSR FIR000259297.pdf,NIL Claim
FIR000259297,FSR FIR000259297.pdf,NIL Claim
FIR000258775,CWP Devgarh FSR.pdf,NIL Claim
FIR000428381,73775 (JUL -2018) - FSR.pdf,NIL Claim
FIR000428379,73774 (JUL -2018) - FSR.pdf,NIL Claim
FIR000435339,11-205-05672-FIR000435339.pdf,NIL Claim
FIR000424265,FSR 7749.pdf,NIL Claim
FIR000409493,3018058-Raja Rathana Solar s ILA.doc.pdf,NIL Claim
FIR000409493,3018058-Rajaratna FSR....pdf,NIL Claim
FIR000413813,ILA.pdf,NIL Claim
FIR000413813,11-301-07620 Navayuga - FSR.pdf,NIL Claim
FIR000424905,FSR.pdf,NIL Claim
GEN000228728,FSR - 11-203-07595 - Tata Consultancy Services.pdf,NIL Claim
GEN000228728,Assessment - 11-203-07595 - Tata Consultancy Services.pdf,NIL Claim
FIR000411743,FSRSAYYYY.pdf,NIL Claim
GEN000251104,11-301-07477_Kennametal_FSR.pdf,NIL Claim
FIR000411743,FSR.pdf,NIL Claim
FIR000410365,Survey Report dated  30-07-2018 - Meriton.pdf,NIL Claim
FIR000410365,ANNEXURE-A.pdf,NIL Claim
FIR000410365,ANNEXURE-B.pdf,NIL Claim
GEN000254004,BGL-1720 SJR - FSR LH.pdf,NIL Claim
FIR000430755,MUM-ILG-2018-0198-RAJ RAJESHWARI FAB-FSR-30 07 2018.pdf,NIL Claim
FIR000411670,MY-820-RAIN CEMENTS LIMITED FSR.pdf,NIL Claim
FIR000436012,ISR_N_2018_JUL_74101.pdf,NIL Claim
FIR000258051,Tafe Motors FSR.pdf,NIL Claim
FIR000440708,11-204-09251 - FSR - ICICI Bank Limited.pdf,NIL Claim
FIR000259274,FSRSAYAN.pdf,NIL Claim
FIR000411147,FSR - Mayank Technocracy.pdf,NIL Claim
FIR000411150,FSR ROY MAP.pdf,NIL Claim
FIR000422694,FSR - MANGALORE CHEM FERTILIZERS_01AUG2018.pdf,NIL Claim
FIR000434247,FSR 7864.pdf,NIL Claim
FIR000440085,Fsr.pdf,NIL Claim
FIR000436012,74101 (JUL-2018)- FSR.pdf,NIL Claim
FIR000436204,OM Shakti Smelters (P) Limited FSR.pdf,NIL Claim
FIR000439248,ISR_N_2018_JUL_74226.pdf,NIL Claim
FIR000441965,FSR.pdf,NIL Claim
FIR000441088,IAR-1808-20266_Lok Nisarg Co operative Society Limited_ILA Report.pdf,NIL Claim
FIR000435464,ILA - Gold Souk Grande Mall - 30.07.2018pdf.pdf,NIL Claim
FIR000416681,FSRRRRRRRR.pdf,NIL Claim
FIR000437628,74180 FSR.pdf,NIL Claim
FIR000448761,FSR.pdf,NIL Claim
FIR000447295,FSR.pdf,NIL Claim
FIR000439248,74226 (JUL-2018)- FSR.pdf,NIL Claim
FIR000422767,FSR.pdf,NIL Claim
FIR000422767,LOR Share with RPAD.pdf,NIL Claim
FIR000441929,FSR LOHIA-293.pdf,NIL Claim
FIR000440922,FSR - FIR000440922.pdf,NIL Claim
FIR000258419,72665_NIL FSR.pdf,NIL Claim
FIR000449570,FIR000449570.pdf,NIL Claim
FIR000449637,FIR000449637.pdf,NIL Claim
FIR000422767,FSR_FIR000422767.pdf,NIL Claim
FIR000447721,Hotel Rock-FSR -11-203-08279.pdf,NIL Claim
FIR000445925,11-203-08275 FSR.pdf,NIL Claim
FIR000425845,11-302-08122 - Andhra Pradesh Expressway Ltd - FSR.pdf,NIL Claim
FIR000257345,72500_NIL FSR.pdf,NIL Claim
FIR000432289,investigation team.pdf,NIL Claim
FIR000432289,FSR.pdf,NIL Claim
FIR000414856,11-403-01535 FSR.pdf,NIL Claim
FIR000444766,8019 FSR.pdf,NIL Claim
FIR000442038,7984 ILA.pdf,NIL Claim
FIR000445750,FIR000445750.pdf,NIL Claim
FIR000448241,FSR 8078.pdf,NIL Claim
FIR000439311,ILA mail.pdf,NIL Claim
FIR000444515,FSR 8016.pdf,NIL Claim
FIR000451892,Fsr.pdf,NIL Claim
FIR000257344,72350_NIL FSR.pdf,NIL Claim
FIR000448233,MUM-ILG-2018-0252-ALLIANZ CORNHILL - FSR - 29.08.2018.pdf,NIL Claim
FIR000448919,REPORT.pdf,NIL Claim
FIR000440611,13996-Lekh Exim FSR Closure.pdf,NIL Claim
FIR000443340,74490_NIL FSR.pdf,NIL Claim
FIR000436089,FSR-PACHPUTE.pdf,NIL Claim
FIR000451261,74772-Final Survey Report.pdf,NIL Claim
FIR000451261,74772-Final Survey Report.pdf,NIL Claim
FIR000440611,13996-Lekh Exim FSR Closure.pdf,NIL Claim
FIR000424710,73577_NIL FSR.pdf,NIL Claim
FIR000452360,75150_FSR.pdf,NIL Claim
FIR000434398,13967-Lal Sai Fabrics Closure.pdf,NIL Claim
FIR000454066,2018-1337_ILA.pdf,NIL Claim
FIR000433247,FSR 7854.pdf,NIL Claim
FIR000455797,11-403-01701 FS R.pdf,NIL Claim
FIR000453328,IAR-1809-21550.pdf,NIL Claim
FIR000453397,IAR-1808-21548.pdf,NIL Claim
FIR000448653,Flowserve_FSR.pdf,NIL Claim
FIR000450420,FSR 8105.pdf,NIL Claim
FIR000452522,FSR.pdf,NIL Claim
GEN000243760,11-203-07852 FSR - Non submission -.pdf,NIL Claim
FIR000456435,11-300-12144 FSR.pdf,NIL Claim
FIR000453623,FSR_FIR000453623.pdf,NIL Claim
FIR000454266,fsr kalyanpur.pdf,NIL Claim
FIR000441550,1618-Report Scan.pdf,NIL Claim
FIR000441550,1618-Docs Scan.pdf,NIL Claim
FIR000431306,00797-FSR-Metropolitan.pdf,NIL Claim
FIR000441550,1618-Report Scan.pdf,NIL Claim
FIR000447215,836-FSR-RATNAKAR.pdf,NIL Claim
FIR000424273,FINAL SURVEY REPORT-3.pdf,NIL Claim
FIR000451193,74999 (AUG-2018)- FSR.pdf,NIL Claim
FIR000441088,IAR-1808-20266_Lok Nisarg Co operative Society Limited_Nil Claim_FSR.pdf,NIL Claim
FIR000434614,FSR - FIR000434614.pdf,NIL Claim
FIR000457733,FSR 8071.pdf,NIL Claim
FIR000413967,MY-825-RAIN CEMENTS LTD FSR FIR000413967.pdf,NIL Claim
FIR000446223,FSR.pdf,NIL Claim
FIR000453602,Final Survey Report.pdf,NIL Claim
GEN000237167,1117255 - SA Enterpirses - FSR.pdf,NIL Claim
FIR000428301,MY-842-ECORN ENERGY INDIA PVT LTD FSR.pdf,NIL Claim
FIR000416082,FSR.pdf,NIL Claim
FIR000452489,75140.pdf,NIL Claim
FIR000441500,FSR - FIR000441500.pdf,NIL Claim
FIR000452490,75146.pdf,NIL Claim
FIR000444886,11-204-09296 Man Diesel  ILA.pdf,NIL Claim
FIR000452844,FSR AIC.pdf,NIL Claim
GEN000240995,AH-09717 Survey Report.pdf,NIL Claim
FIR000451816,FSR.pdf,NIL Claim
FIR000459777,75548 (SEP-2018)- FSR.pdf,NIL Claim
FIR000462327,11-300-12279 FSR.pdf,NIL Claim
FIR000442577,FSR.pdf,NIL Claim
FIR000462629,11-301- 07959  ACME  Rewari Solar    -Preliminary Report.1.pdf,NIL Claim
FIR000457631,FSR - FIR000457631.pdf,NIL Claim
FIR000462752,FSR 8274.pdf,NIL Claim
FIR000464419,AH-07218 PLR.pdf,NIL Claim
FIR000463494,MUM-ILG-2018-0272-Chheda Height  -ILA-13.10.2018.pdf,NIL Claim
FIR000461903,FSR.pdf,NIL Claim
FIR000465635,75902 (OCT-2018) - FSR.pdf,NIL Claim
FIR000463633,Reliance Digital - ILA.pdf,NIL Claim
FIR000462865,FSR  - Dr.Paul's Engg. College.pdf,NIL Claim
FIR000450346,REPORT.pdf,NIL Claim
FIR000463415,FSR.pdf,NIL Claim
FIR000465107,KER 376 ICICI LOB Palakad.pdf,NIL Claim
FIR000427915,11-402-05529   Status Report-II.pdf,NIL Claim
FIR000463633,FSR.pdf,NIL Claim
FIR000458125,IAR-1809-22202.pdf,NIL Claim
FIR000468025,11-203-08393 - ILA.pdf,NIL Claim
FIR000464464,[Untitled].pdf,NIL Claim
FIR000257775,FSR - FIR000257775.pdf,NIL Claim
FIR000460170,FSR 04370.pdf,NIL Claim
FIR000454066,REPORT.pdf,NIL Claim
FIR000410963,11-301-07619 Kennametal   - Preliminary Report FIR000410963.pdf,NIL Claim
FIR000419864,"BGL - 1776, United Breweries, ILA FIR000419864.pdf",NIL Claim
FIR000467618,11-203-08400-ILA (2).pdf,NIL Claim
FIR000466627,FIR000466627.pdf,NIL Claim
FIR000443282,11-202-04484 FSR Andritz Hydro.pdf,NIL Claim
FIR000467975,11-203-08402 - ILA.pdf,NIL Claim
GEN000223592,FSR - GEN000223592.pdf,NIL Claim
FIR000469868,11-200-14438 - Sabic Innovative - FSR.pdf,NIL Claim
FIR000451784,FIR000451784 FSR.pdf,NIL Claim
FIR000469868,FSR.pdf,NIL Claim
FIR000467618,11-203-08400 FSR (2).pdf,NIL Claim
FIR000466208,FSR.pdf,NIL Claim
FIR000473521,PSR-MY-AHM-18-1171.pdf,NIL Claim
FIR000468624,3018234-Saffron Hospitality-FSR.pdf,NIL Claim
GEN000238678,2017357 A - ACL Plant - FSR.pdf,NIL Claim
GEN000238697,2017357 B - CAL Plant - FSR.pdf,NIL Claim
GEN000175719,2015273 - Udupi Power FSR.pdf,NIL Claim
FIR000473003,11-205-05812 FSR FIR000473003.pdf,NIL Claim
FIR000473003,11-205-05812 FSR FIR000473003.pdf,NIL Claim
FIR000451619,KF-258- Manakkil Hardwares-FSR.pdf,NIL Claim
FIR000471906,FSR.pdf,NIL Claim
FIR000462078,D18080 - Tirupati Polymers - FSR.pdf,NIL Claim
GEN000207338,11-300-10857  Ramco FSR.pdf,NIL Claim
FIR000462125,888-FSR-Nagar Urban Bank.pdf,NIL Claim
FIR000441670,MYI-BBR-18-001991 FSR.pdf,NIL Claim
FIR000461838,LOKESH FOOD (P) LTD. SURVEY REPORT.pdf,NIL Claim
FIR000419864,"BGL - 1776, UB, FSR FIR000419864 Nil.pdf",NIL Claim
FIR000473762,ISR_N_2018_NOV_76385.pdf,NIL Claim
FIR000467975,11-203-08402 FSR.pdf,NIL Claim
FIR000468503,11-302-08401- Andhra Pradesh Expressway Ltd - ILA.pdf,NIL Claim
FIR000468503,11-302-08401- Andhra Pradesh Expressway Ltd - FSR.pdf,NIL Claim
FIR000471096,76296-FIR000471096-FSR.pdf,NIL Claim
FIR000469934,FSR - FIR000469934.pdf,NIL Claim
FIR000464419,Memo Style.pdf,NIL Claim
FIR000475976,FSR 8438.pdf,NIL Claim
FIR000464723,ILA- reserve mail.pdf,NIL Claim
FIR000464723,11-100- 21976-01 ILA Property.pdf,NIL Claim
FIR000473691,FSR.pdf,NIL Claim
GEN000255552,SCHREIBER NEW GEN000255552.pdf,NIL Claim
FIR000416055,FSR ...pdf,NIL Claim
FIR000471433,85_100_22016_FSR__280759 AUTONEUM.pdf,NIL Claim
FIR000466709,APTAR FSR final.pdf,NIL Claim
FIR000471320,FSR.pdf,NIL Claim
FIR000472786,1118103 KMC OILS FSR.pdf,NIL Claim
FIR000472786,1118103 KMC OILS FSR.pdf,NIL Claim
FIR000472786,1118103 KMC OILS FSR.pdf,NIL Claim
FIR000472779,FSR 7904.pdf,NIL Claim
FIR000457299,REPORT-18-19-07447-585.pdf,NIL Claim
FIR000473521,FSR-MY-AHM-18-1171-Ocenic Foods.pdf,NIL Claim
FIR000477784,FSR - TEGA INDUSTRIES.pdf,NIL Claim
FIR000471916,11-302-08410 - Acme Solar - FSR.pdf,NIL Claim
FIR000479674,04404 - Jagatjit Industires - FSR.pdf,NIL Claim
FIR000472464,11-300-12367 HWEPL FSR.pdf,NIL Claim
FIR000475664,FSR.pdf,NIL Claim
FIR000480104,1706-Report Scan.pdf,NIL Claim
FIR000473730,D-18109-NA-Ambuja Pipes-PLR.pdf,NIL Claim
FIR000480685,FSR MAYUR INDUSTRIES.pdf,NIL Claim
FIR000477522,11-204-09543-FSR (NC).pdf,NIL Claim
FIR000439311,FSR.pdf,NIL Claim
FIR000480098,REPORT-1635.pdf,NIL Claim
FIR000480733,2218179 - PSR (2).pdf,NIL Claim
FIR000428561,73783-FIR000428561-FSR.pdf,NIL Claim
FIR000473762,FSR.pdf,NIL Claim
FIR000410963,11-301-07619 Kennametal   - Final Report.pdf,NIL Claim
FIR000481713,76826_FSR.pdf,NIL Claim
FIR000462629,Acme Rewari Revised Reserve.pdf,NIL Claim
FIR000463494,FSR.pdf,NIL Claim
GEN000253621,11-100-219496 FSR.pdf,NIL Claim
GEN000253621,11-100-219496 FSR_acme nizamabad.pdf,NIL Claim
FIR000259104,FSR Sunil Textile.pdf,NIL Claim
FIR000444214,BGL-1826 Saraswathamma  FSR- LH.pdf,NIL Claim
FIR000457932,fsr FIR000457932.pdf,NIL Claim
FIR000414174,MY-826-RAVI FOODS PVT LTD FSR.pdf,NIL Claim
FIR000414174,MY-826-RAVI FOODS PVT LTD FSR.pdf,NIL Claim
FIR000480441,FSR - FIR000480441.pdf,NIL Claim
FIR000259106,FSR.pdf,NIL Claim
FIR000466709,Aptar FSR 11 103 03874.pdf,NIL Claim
FIR000486435,11-202-04548 FSR.pdf,NIL Claim
FIR000482494,ISR_N_2018_DEC_76883.pdf,NIL Claim
FIR000482494,FSR 76883.pdf,NIL Claim
FIR000475621,FSR - Chemplast Sanmar Karaikal.pdf,NIL Claim
GEN000238641,2017273 FSR.pdf,NIL Claim
GEN000238641,2017273 FSR.pdf,NIL Claim
GEN000238641,2017273 FSR.pdf,NIL Claim
GEN000238641,2017273 FSR.pdf,NIL Claim
FIR000475495,FSR - FIR000475495.pdf,NIL Claim
FIR000484777,REPORT.pdf,NIL Claim
FIR000485635,FSR-ilovepdf-compressed.pdf,NIL Claim
FIR000486382,FSR.pdf,NIL Claim
FIR000490843,FSR - FIR000490843.pdf,NIL Claim
FIR000477220,ISR_N_2018_DEC_76799 (1)_ FIR000477220 ILA NCC.pdf,NIL Claim
FIR000477738,1812-24458 FSR.pdf,NIL Claim
FIR000462629,11-301- 07959  ACME  Rewari Solar    -Final  Report -Revised.pdf,NIL Claim
FIR000489712,11-301-08167 FSR dt. 18.01.19.pdf,NIL Claim
FIR000486482,NCC URBEN FIR000486482 RESERVE EMAIL.pdf,NIL Claim
FIR000435464,FSR - Gold Sauk Grande - 22.01.2019.pdf,NIL Claim
FIR000491836,FSR.pdf,NIL Claim
FIR000462736,FSR dt 22-01-2019 - Haridwar Solar.pdf,NIL Claim
FIR000485745,"B-1556_Syndicate Bank_Aversa,Ankola Dis_FSR.pdf",NIL Claim
FIR000469916,FSR - FIR000469916.pdf,NIL Claim
GEN000243555,GEN000243555 Final Survey Report.pdf,NIL Claim
FIR000471618,FSR-9840 ESSELWORLD-.pdf,NIL Claim
FIR000493813,FSR 100632 - No Claim.pdf,NIL Claim
FIR000452244,FSR.pdf,NIL Claim
FIR000493457,77199 Acme No Claim Report.pdf,NIL Claim
FIR000645840,AH-00419 PLR (rev.).pdf,NIL Claim
FIR000620104,11-200-14777 FSR.pdf,NIL Claim
FIR000642345,FSR 100899.pdf,NIL Claim
FIR000657219,11-203-8608 FSR-AIPL.pdf,NIL Claim
FIR000474024,11-300-12416 - FSR - Sterling Valley location.pdf,NIL Claim
FIR000661709,FSR.pdf,NIL Claim
GEN000240808,FSR - 11-203-07814 - Nirma Ltd.pdf,NIL Claim
FIR000686383,77963 (FEB-2019) - FSR.pdf,NIL Claim
FIR000477854,Survey Report.pdf,NIL Claim
FIR000686521,FIR000686521 Friends Industries ILA.pdf,NIL Claim
FIR000432658,11-201-03580-FSR-Kaira Dist. Co. Op. Milk Prod. Un. Ltd..pdf,NIL Claim
FIR000686085,11-301-08208 UKN FSR.pdf,NIL Claim
FIR000691353,2218267 - Pasupati Trading (FSR).pdf,NIL Claim
FIR000676492,FSR PROARC WELDING.pdf,NIL Claim
FIR000568963,FIR000568963.pdf,NIL Claim
FIR000689950,Madhukar Rokade ILA.pdf,NIL Claim
FIR000599069,Minder Closure FSR.pdf,NIL Claim
FIR000756519,FSR 101239.pdf,NIL Claim
FIR000689950,FIR000689950  FSR Madhukar Rokade.pdf,NIL Claim
FIR000686160,11-201-03767 - FSR-Godhra expressways-Km 181.pdf,NIL Claim
FIR000488702,FSR Dt. 25-03-2019 - CSP Tumkur (Claim No. FIR000488702).pdf,NIL Claim
FIR000756666,report.pdf,NIL Claim
FIR000700587,report.pdf,NIL Claim
FIR000736587,02K19_158_ICLCSDLH_JadhaoLayland_ILA_03k19.pdf,NIL Claim
FIR000798619,FSR.pdf,NIL Claim
FIR000690749,FSR.pdf,NIL Claim
FIR000799776,Final Survey Report.pdf,NIL Claim
FIR000761652,FSR - FIR000761652.pdf,NIL Claim
FIR000473730,D18109-AMBUJA PIPES-FSR.pdf,NIL Claim
FIR000468025,11-203-08393- FSR-corrected.pdf,NIL Claim
FIR000767082,Survey Report.pdf,NIL Claim
FIR000460281,Reserve.pdf,NIL Claim
FIR000460307,Reserve.pdf,NIL Claim
FIR000460309,Reserve.pdf,NIL Claim
FIR000457142,LNJ GSS Reserve.pdf,NIL Claim
FIR000467069,CWP GSS Reserve.pdf,NIL Claim
FIR000794431,FSR 101343.pdf,NIL Claim
FIR000820765,FSR.pdf,NIL Claim
FIR000840465,77853 (FEB-2019) FSR.pdf,NIL Claim
FIR000840465,FSR 101462.pdf,NIL Claim
FIR000803852,FSR 101368.pdf,NIL Claim
FIR000884947,ILA.pdf,NIL Claim
FIR000915301,11-201-03799-FSR- Nijal Industries-03 Apr 2019.pdf,NIL Claim
FIR000940209,2218290 - D. P. Traders - Preliminary Survey Report.pdf,NIL Claim
FIR000803096,PSR - FIR000803096.pdf,NIL Claim
FIR000835958,ILA dt 27-03-2019 - Rimjhim.pdf,NIL Claim
FIR000830016,Survey Report.pdf,NIL Claim
FIR000940209,2218290 - D. P. Traders - Final Survey Report.pdf,NIL Claim
FIR000904197,ILA 8277.pdf,NIL Claim
FIR000904197,FSR 8277.pdf,NIL Claim
FIR000904197,FSR 8277.pdf,NIL Claim
FIR000464464,FSR  dt 12-04-2019 - GMR Ambala Chandigarh.pdf,NIL Claim
FIR000840791,scan closure of claim report.pdf,NIL Claim
FIR000883498,NLMK.pdf,NIL Claim
FIR000951024,REPORT.pdf,NIL Claim
FIR000847601,Report.pdf,NIL Claim
FIR000995300,FSR.pdf,NIL Claim
FIR000757751,IAR-1903-27280-FSR.pdf,NIL Claim
FIR000686500,77966 (2019-FEB) - Survey Report.pdf,NIL Claim
FIR001029202,Koleshvari.pdf,NIL Claim
FIR001068580,ILA.pdf,NIL Claim
FIR000951537,11-205-05973 FSR Claim No. FIR000951537.pdf,NIL Claim
FIR000884947,FSR.pdf,NIL Claim
FIR001013835,Muthukumaran FSR - 3019030.pdf,NIL Claim
FIR001083415,Al Noor FSR.pdf,NIL Claim
FIR001120481,1277-ILA-Sandesh Sakpal.pdf,NIL Claim
FIR001010806,FSR FLOP - AirPlaza.pdf,NIL Claim
FIR001132001,11-402-05948 FSR (Autosaved).pdf,NIL Claim
FIR001132005,11-402-05948 FSR (Autosaved).pdf,NIL Claim
FIR001132012,11-402-05948 FSR (Autosaved).pdf,NIL Claim
FIR001132049,11-402-05948 FSR (Autosaved).pdf,NIL Claim
FIR001132053,11-402-05948 FSR (Autosaved).pdf,NIL Claim
FIR001132516,11-402-05948 FSR (Autosaved).pdf,NIL Claim
FIR001132479,11-402-05948 FSR (Autosaved).pdf,NIL Claim
FIR001132474,11-402-05948 FSR (Autosaved).pdf,NIL Claim
FIR000473236,FSR - FIR000473236.pdf,NIL Claim
FIR001132211,11-402-05948 FSR (Autosaved).pdf,NIL Claim
FIR001132440,11-402-05948 FSR (Autosaved).pdf,NIL Claim
FIR001132423,11-402-05948 FSR (Autosaved).pdf,NIL Claim
FIR001132296,11-402-05948 FSR (Autosaved).pdf,NIL Claim
FIR001132292,11-402-05948 FSR (Autosaved).pdf,NIL Claim
FIR001132290,11-402-05948 FSR (Autosaved).pdf,NIL Claim
FIR001132250,11-402-05948 FSR (Autosaved).pdf,NIL Claim
FIR001132247,11-402-05948 FSR (Autosaved).pdf,NIL Claim
FIR001094509,FC-0040 - Nestle India (ILA).pdf,NIL Claim
FIR001094509,FC-0040 - Nestle India (ILA).pdf,NIL Claim
FIR000809829,FSR - FIR000809829.pdf,NIL Claim
FIR001100442,PRE- VIJAY ENTERPRISES-1.pdf,NIL Claim
FIR000550485,77534-FSR.pdf,NIL Claim
FIR001099963,ILG-All Jio Point-FSR.pdf,NIL Claim
FIR001078902,FIR001078902.pdf,NIL Claim
FIR001099579,ILA_Amazon Seller Services Private Limited.pdf,NIL Claim
FIR001192836,11-402-06164 FSR.pdf,NIL Claim
FIR000767002,FSR  - FIR000767002.pdf,NIL Claim
FIR001120564,FSR Vinayak Pathology.pdf,NIL Claim
FIR001090024,Hitachi ILA - FC-089.pdf,NIL Claim
FIR001100442,VIJAY ENTERPRISES fsr.pdf,NIL Claim
FIR000981368,FSR dt 30-05-19 - Sethi Electronics.pdf,NIL Claim
FIR000736587,FSR_Page No. 1 to 5.pdf,NIL Claim
FIR000736587,FSR_PAge No. 6 to 10.pdf,NIL Claim
FIR001150526,FIR001150526.pdf,NIL Claim
FIR001078223,FIR001078223.pdf,NIL Claim
FIR001193991,FSR.pdf,NIL Claim
FIR001141019,MY-1123 RAIN CEMENTS LIMITED PSR.pdf,NIL Claim
FIR001141019,MY-1123 RAIN CEMENTS LIMITED PSR.pdf,NIL Claim
FIR001074057,FSR 102287.pdf,NIL Claim
FIR001083853,Polynova Industries Ltd - 2119100.pdf,NIL Claim
FIR001157395,11-201-03832-ILA-Amul Dairy.pdf,NIL Claim
FIR001120848,Vijay copolymers.pdf,NIL Claim
FIR001192999,Monnet Ispat.pdf,NIL Claim
FIR001157395,11-201-03832-FSR-Amul Dairy - Anand - Fire.pdf,NIL Claim
FIR001193396,Fsr DURGAMATA ENGINEERING.pdf,NIL Claim
FIR001264952,PRE- FIRSTSPACE INFRA.pdf,NIL Claim
FIR001077385,Monnet ILA.pdf,NIL Claim
FIR001256736,11-204-09983-ILA.pdf,NIL Claim
FIR001255210,11-208-04114Nagpurila.pdf,NIL Claim
FIR001260008,PRE- ROYAL IMPERIO.pdf,NIL Claim
FIR001260737,1320-ILA-Raj Infra.pdf,NIL Claim
FIR001151949,102517 Puneetha Poojari ICICI Lombard.pdf,NIL Claim
FIR001224796,11-301-08389 Thalassa - FSR.pdf,NIL Claim
FIR001161437,Majisa FSR.pdf,NIL Claim
FIR001162744,FSR.pdf,NIL Claim
FIR001270909,IAR-1906-2723-FSR.pdf,NIL Claim
FIR001240074,FSR 102941.pdf,NIL Claim
FIR001193396,FINAL SURVEY REPORT DURGAMATA ENGINEERING.pdf,NIL Claim
FIR000645840,AH-00419 Survey Report1.pdf,NIL Claim
FIR001166245,FSR.pdf,NIL Claim
FIR000483152,FSR - FIR000483152.pdf,NIL Claim
FIR000995001,report.pdf,NIL Claim
FIR001240597,FSR.pdf,NIL Claim
FIR001266783,Duroshox ila.pdf,NIL Claim
FIR001270731,FSR - FIR001270731.pdf,NIL Claim
FIR001078223,FSR.pdf,NIL Claim
FIR000568963,14345-Aparklene Fabric -FSR.pdf,NIL Claim
FIR001084049,FIR001084049_FSR.pdf,NIL Claim
FIR001141297,FIR001141297_FSR.pdf,NIL Claim
FIR001156076,FSR - FIR001156076.pdf,NIL Claim
FIR000835958,FSR dt 27-06-2019 - Rimjhim.pdf,NIL Claim
FIR001302725,MY-1171 ARUNA MOTORS PVT LTD PSR.pdf,NIL Claim
FIR001078350,FSR 102193.pdf,NIL Claim
FIR001303608,11-201-03860-FSR-Manjulaben Patel.pdf,NIL Claim
FIR001303608,11-201-03860-LOR-Manjulaben Patel.pdf,NIL Claim
FIR001226250,MY-1162 RAIN CEMENTS LIMITED PSR_FIR001226250.pdf,NIL Claim
FIR001160627,FSR - FIR001160627.pdf,NIL Claim
FIR001198217,11-301-08374 PSR of brigade Millennium.pdf,NIL Claim
FIR001198217,11-301-08374 FSR of Brigade Millennium.pdf,NIL Claim
FIR001240115,11-301-08388 Shyamaraju - FSR.pdf,NIL Claim
FIR001275712,11_204_10007_ILA_011759.pdf,NIL Claim
FIR001310664,14673-S. K. Enterprises ILA.pdf,NIL Claim
FIR001078937,FIR001078937-ILG-Reliance-FSR.pdf,NIL Claim
FIR001156154,FIR001156154-ILG-Reliance-FSR.pdf,NIL Claim
FIR001205326,FSR.pdf,NIL Claim
FIR001205326,Detailed Assessment Sheet.pdf,NIL Claim
FIR001205245,FSR.pdf,NIL Claim
FIR001372444,AH-05419 PLR.pdf,NIL Claim
FIR001373636,11-204-09847 - ILA - Suzlon Energy Limited.pdf,NIL Claim
FIR000476143,Survey Report PPN FIR000476143.pdf,NIL Claim
FIR001246265,Report.pdf,NIL Claim
FIR001280174,FSR.pdf,NIL Claim
FIR001342635,2219076 - Jay eye Hospital (PLR).pdf,NIL Claim
FIR001331359,IAR-1907-3346-FSR.pdf,NIL Claim
FIR000940883,11-201-03811-FSR- Vardhman Arcylics.pdf,NIL Claim
FIR001372666,FSR 103707.pdf,NIL Claim
FIR001426294,FSR 103704.pdf,NIL Claim
FIR001404741,"11-100- 22550-Gama Infra, ILA.pdf",NIL Claim
FIR001261770,No Claim - Shivganga Packaging.pdf,NIL Claim
FIR001150526,ISR_N_2019_MAY_79561.pdf,NIL Claim
FIR001150526,ISR_N_2019_MAY_79561.pdf,NIL Claim
FIR000722105,Survey Report.pdf,NIL Claim
FIR000476603,MY-1051 RAIN CEMENTS LIMITED FSR.pdf,NIL Claim
FIR001162703,FSR dt 15-12-2018 - Guptajee Tent Service.pdf,NIL Claim
FIR000695551,14391-Bharat Wire Ropes-FSR.pdf,NIL Claim
FIR001395214,ILA -GLOBAL HEALTHCARE.pdf,NIL Claim
FIR001405091,ILA -A R SALES.pdf,NIL Claim
FIR001356902,PRE- SHAGUN CORPORATION.pdf,NIL Claim
FIR001389827,PRE- SCARED HEART TOWN.pdf,NIL Claim
FIR001457722,Lakhani Footwear Pvt. Ltd. - D19268 - FSR.pdf,NIL Claim
FIR001394611,FSR.pdf,NIL Claim
FIR001256736,FSR Sai Poultry Firm.pdf,NIL Claim
FIR001317864,Annasaheb Jadhav fsr.pdf,NIL Claim
FIR001332122,Sanjivani poultry fsr.pdf,NIL Claim
FIR001376770,11-104-04338-Signed FSR.pdf,NIL Claim
FIR001266783,14662-Durashox  FSR Closure.pdf,NIL Claim
FIR001266707,14662-Durashox  FSR Closure.pdf,NIL Claim
FIR000701142,2. FINAL FIRE REPORT GANESH CHOTHE.pdf,NIL Claim
FIR001447259,FSR dt 23-07-2019 - IMT.pdf,NIL Claim
FIR001260008,2019. ROYAL IMPERIO.pdf,NIL Claim
FIR001421224,FSR 103967.pdf,NIL Claim
FIR001356868,FSR.pdf,NIL Claim
FIR001022128,FSR - FIR001022128.pdf,NIL Claim
FIR001426437,FSR - FIR001426437.pdf,NIL Claim
FIR001187799,79178 (MAY-2019) - No Claim FSR.pdf,NIL Claim
FIR001389827,2019. SACRED HEART TOWN.pdf,NIL Claim
FIR001270510,FSR.pdf,NIL Claim
FIR001373636,11-204-09847 - FSR - Suzlon Energy Limited.pdf,NIL Claim
FIR001302725,MY-1171 ARUNA MOTORS PVT LTD PSR2.pdf,NIL Claim
FIR001366979,FSR.pdf,NIL Claim
FIR000987132,FSR - FIR000987132.pdf,NIL Claim
FIR000476739,11-404-1387-FSR.pdf,NIL Claim
FIR001099579,Revised ILA_Amazon Seller Services Private Limited.pdf,NIL Claim
FIR001302725,MY-1171 ARUNA MOTORS PVT LTD FSR-.pdf,NIL Claim
FIR001342635,2219076 - Jay eye Hospital (FSR).pdf,NIL Claim
FIR001378306,FSR 0398.pdf,NIL Claim
FIR001488914,FSR.pdf,NIL Claim
FIR001377491,FSR SCAN COPY.pdf,NIL Claim
FIR001306091,Jitendras fsr.pdf,NIL Claim
FIR001442007,FSR.pdf,NIL Claim
FIR001306091,Revised report FIR001306091.pdf,NIL Claim
FIR001437161,FSR 1.pdf,NIL Claim
FIR001437161,FSR 0399.pdf,NIL Claim
FIR001468915,11-204-10089-ILA.pdf,NIL Claim
FIR001470893,11-204-10100- Vikas Agencies.pdf,NIL Claim
FIR001517355,2219120 - Shree Sourashtra Patel - PLR.pdf,NIL Claim
FIR001416409,11-204-10067-ILA.pdf,NIL Claim
FIR001572804,no claim and bill shymal salunke.pdf,NIL Claim
FIR001797599,FIR001797599 ILA.pdf,NIL Claim
FIR001494127,FSR 104389.pdf,NIL Claim
FIR001464646,FSR 104219.pdf,NIL Claim
FIR001622333,04624 FSR.pdf,NIL Claim
FIR001421091,FSR 103963.pdf,NIL Claim
FIR001757437,11-203-08982 - ILA.pdf,NIL Claim
FIR001301428,FSR.pdf,NIL Claim
FIR001527368,FSR 0444.pdf,NIL Claim
FIR002133864,FSR.pdf,NIL Claim
FIR001498906,FSR - FIR001498906.pdf,NIL Claim
FIR001802942,MUM-ILG-2019-0682-R N TRADERS-FSR-19.08.2019.pdf,NIL Claim
FIR001356978,MUM-ILG-2019-0562_Ms. Marathon Cosmos CHS Ltd._FSR.pdf,NIL Claim
FIR002082411,11-203-09031- ILA.pdf,NIL Claim
FIR001464650,Final survey report.pdf,NIL Claim
FIR001464650,Final survey report.pdf,NIL Claim
FIR001122076,FSR.pdf,NIL Claim
FIR001122076,Detailed Assessment Sheet.pdf,NIL Claim
FIR001517355,2219120 - Shree Sourashtra Patel (FSR).pdf,NIL Claim
FIR002291001,1219067-Ruby Strips Scan FSR.pdf,NIL Claim
FIR001275857,FSR.pdf,NIL Claim
FIR001665613,81034-FSr.pdf,NIL Claim
FIR001797599,FSR.pdf,NIL Claim
FIR001797599,2987 FSR.pdf,NIL Claim
FIR002084488,11-203-09082 ILA - Maruti Gold.pdf,NIL Claim
FIR001468915,11-204-10089-FSR.pdf,NIL Claim
FIR001157579,102504 FSR.pdf,NIL Claim
FIR000558994,Rajshree Sugars Unit -II - Report.pdf,NIL Claim
FIR001264499,FSR - FIR001264499.pdf,NIL Claim
FIR001331236,Interaction FT ENG001458412.pdf,NIL Claim
FIR002282031,1858-Report Scan.pdf,NIL Claim
FIR001525893,Final survey report.pdf,NIL Claim
FIR001761124,AH-07519 Survey Report.pdf,NIL Claim
FIR001761124,AH-07519 PLR.pdf,NIL Claim
FIR002541787,PUN-ILG-008_Yogita Suresh- FSR.pdf,NIL Claim
FIR002099749,11-204-10229-FSR.pdf,NIL Claim
FIR002099748,11-204-10226-FSR.pdf,NIL Claim
FIR001859439,FSR - FIR001859439.pdf,NIL Claim
FIR001765462,11-200-15549 Amazon Seller Services Private Limited ILA.pdf,NIL Claim
FIR001362674,FSR.pdf,NIL Claim
FIR000784824,Survey Report.pdf,NIL Claim
FIR002719263,FSR 103682.pdf,NIL Claim
FIR001366868,FSR.pdf,NIL Claim
FIR001405321,FSR 103764.pdf,NIL Claim
FIR001255210,11-208-04114Nagpurfsr.pdf,NIL Claim
FIR002084488,11-203-09082 - Revised ILA - Maruti Gold.pdf,NIL Claim
FIR001612368,FSR - FIR001612368.pdf,NIL Claim
FIR002140888,MUM-ILG-2019-0723-ICICI BANK ANKHALKOP-FSR.pdf,NIL Claim
FIR002142923,FSR 105385.pdf,NIL Claim
FIR003056006,2219214 - Paras Enterprise  (FSR).pdf,NIL Claim
FIR001809676,FSR 0554.pdf,NIL Claim
FIR001362275,MUM-ILG-2019-0564_Ms. Vithoba Kripa CHS Ltd._FSR.pdf,NIL Claim
FIR001341931,MUM-ILG-2019-0556_Ms. Kala Nidhi CHS Ltd._Mulund East_FIR001341931_FSR_21.08.pdf,NIL Claim
FIR001372992,MUM-ILG-2019-0573 FSR 23.08.2019.pdf,NIL Claim
FIR001356978,MUM-ILG-2019-0562 Revised FSR.pdf,NIL Claim
FIR003063324,ILA -PHILIP JOHN.pdf,NIL Claim
FIR001946361,ILA.pdf,NIL Claim
FIR002082416,FSR.pdf,NIL Claim
FIR002417126,Shrikant Pandu Sawant FIR002417126.pdf,NIL Claim
FIR001356978,MUM-ILG-2019-0562 FSR Revised 21.08.2019.pdf,NIL Claim
FIR003063324,ILA -PHILIP JOHN.pdf,NIL Claim
GEN000251692,FSR LOP Claim.pdf,NIL Claim
FIR001515757,11-301-08484 Roquette - ILA.pdf,NIL Claim
FIR001515757,11-301-08484 Roquette -FSR.pdf,NIL Claim
FIR001515757,11-301-08484 Roquette -FSR.pdf,NIL Claim
FIR001515757,REVISED 11-301-08484 Roquette - ILA.pdf,NIL Claim
FIR003492722,Mail Communication.pdf,NIL Claim
FIR002673065,Survey Report.pdf,NIL Claim
FIR002722249,ISR_N_2019_AUG_81574 FIR002722249.pdf,NIL Claim
FIR002577165,FSR.pdf,NIL Claim
FIR001526440,FSR - FIR001526440.pdf,NIL Claim
FIR001803610,FSR - FIR001803610.pdf,NIL Claim
FIR002414462,FSR.pdf,NIL Claim
FIR002545688,1219076-Vipan Goyal Scan FSR.pdf,NIL Claim
FIR001404741,FSR.pdf,NIL Claim
FIR002097080,1860-Report Scan.pdf,NIL Claim
FIR000464723,Incident Report.pdf,NIL Claim
FIR000464723,11-100-21976-FSR.pdf,NIL Claim
FIR003779316,FSR - FIR003779316.pdf,NIL Claim
FIR002152530,FIR002152530 FSR and CONSENT.pdf,NIL Claim
FIR002280414,B-1740-Vittal Agro Industries-ILA.pdf,NIL Claim
FIR002470309,MY-1215 RAIN CEMENTS LIMITED PSR.pdf,NIL Claim
FIR002101717,FIR002101717-ILA.pdf,NIL Claim
FIR002136193,MY-1213 RAIN CEMENTS LIMITED PSR.pdf,NIL Claim
FIR003790984,ASK FSR Withdraw.pdf,NIL Claim
FIR002816627,Bird Airport Hotels Pvt. Ltd.- D19362 - FSR.pdf,NIL Claim
FIR001894298,FSR - FIR001894298.pdf,NIL Claim
FIR003737464,11-201-04055 - ILA - Panchmahal.pdf,NIL Claim
FIR002921899,FSR+Bill-0652.pdf,NIL Claim
FIR001765462,11-200-15549 Amazon Seller Services Private Limited FSR.pdf,NIL Claim
FIR002814973,FSR 106222.pdf,NIL Claim
FIR003100487,FSR 106640.pdf,NIL Claim
FIR001896620,FSR.pdf,NIL Claim
FIR000797857,MUM-ILG-2019-0410-JSW STEEL LIMITED - FSR - 11.09.2019.pdf,NIL Claim
FIR002272703,Shree Siddhi Vinayak FSR.pdf,NIL Claim
FIR002760187,report 1876.pdf,NIL Claim
FIR002722249,81574-FIR002722249-FSR.pdf,NIL Claim
FIR002507817,FSR...pdf,NIL Claim
FIR002507817,Detailed Assessment Sheet.pdf,NIL Claim
FIR003387323,0919-118 report.pdf,NIL Claim
FIR002136193,MY-1213 RAIN CEMENTS LIMITED FSR.pdf,NIL Claim
FIR003158852,FSR 0688.pdf,NIL Claim
FIR003733680,FSR.pdf,NIL Claim
FIR002380736,04641 FSR.pdf,NIL Claim
FIR001141019,MY-1123 RAIN CEMENTS LIMITED FSR.pdf,NIL Claim
FIR002427124,FSR_Fir002427124.pdf,NIL Claim
FIR002427118,FSR_Fir002427118.pdf,NIL Claim
FIR002095359,FSR 105016.pdf,NIL Claim
FIR001666604,FSR Mahanagar.pdf,NIL Claim
FIR003434607,FSR.pdf,NIL Claim
FIR001521257,MUM-ILG-2019-0641-Meltech Cranes Pvt Ltd -FSR.pdf,NIL Claim
FIR001377525,MUM-ILG-2019-0588_Ms. New Shah Enterprises_Bhandup West_FSR.pdf,NIL Claim
FIR002541926,0819-283 FSR.pdf,NIL Claim
FIR004478663,AH-10319 PLR_New.pdf,NIL Claim
FIR003050639,81690-FIR003050639-FSR.pdf,NIL Claim
FIR003390666,81801-FIR003390666-FSR.pdf,NIL Claim
FIR001260737,1320-Raj Infra - FSR.pdf,NIL Claim
FIR003699894,2219149-Lupin (FSR).pdf,NIL Claim
FIR003391682,81800-FIR003391682-FSR.pdf,NIL Claim
FIR002872279,81632-FIR002872279-FSR.pdf,NIL Claim
FIR002869635,81641-FIR002869635-FSR.pdf,NIL Claim
FIR002424108,FSR.pdf,NIL Claim
FIR002871288,81642-FIR002871288-FSR.pdf,NIL Claim
FIR003388990,MUM-ILG-2019-0774_Ms. Neelambar CHS Ltd._FSR.pdf,NIL Claim
FIR003056339,FSR.pdf,NIL Claim
FIR000985460,14532 VRS Foods FSR Closure.pdf,NIL Claim
FIR004763803,81921 - FSR.pdf,NIL Claim
FIR003436257,FSR.pdf,NIL Claim
FIR004907675,D19322 - Crest Condominium - FSR.pdf,NIL Claim
FIR004907677,FSR.pdf,NIL Claim
FIR004946004,Hatsun- Survey Report final.pdf,NIL Claim
FIR004574269,ILA -GLOBAL HEALTHCARE.pdf,NIL Claim
FIR004426216,11-302-09089 - Dozco India Pvt Ltd - ILA.pdf,NIL Claim
FIR003103151,FSR.pdf,NIL Claim
FIR003103151,Mail to insured.pdf,NIL Claim
FIR003103151,Detailed Assessment Sheet.pdf,NIL Claim
FIR004763803,81921 - FSR.pdf,NIL Claim
FIR002420106,FSR.pdf,NIL Claim
FIR005467175,Diwantham Tollway _602_ ILA.pdf,NIL Claim
FIR004474171,Survey Report.pdf,NIL Claim
FIR001946361,FSR.pdf,NIL Claim
FIR001995900,FSR.pdf,NIL Claim
FIR001849817,FSR.pdf,NIL Claim
FIR002191836,FSR.pdf,NIL Claim
FIR004903987,82348 (2019-OCT)_NO CLAIM.pdf,NIL Claim
FIR004484460,FSR - FIR004484460.pdf,NIL Claim
FIR003449589,FIR003449589_FSR.pdf,NIL Claim
FIR002084488,Maruti Gold_ILA.pdf,NIL Claim
FIR000486482,NCC fsr.pdf,NIL Claim
FIR001506389,1119170 -Nirman Cements- FSR..pdf,NIL Claim
FIR003381999,1590-FSR-Somnath Nursery.pdf,NIL Claim
FIR004150602,FSR - FIR004150602.pdf,NIL Claim
GEN000242339,NIA Agency - FSR.pdf,NIL Claim
FIR003438911,FSR - FIR003438911.pdf,NIL Claim
FIR001369528,1119115 FSR.pdf,NIL Claim
FIR003683943,1890-Report Scan.pdf,NIL Claim
FIR001068580,1778-Report Scan.pdf,NIL Claim
FIR004113271,MY-1244 GLOSTER CABLES PSR.pdf,NIL Claim
FIR001351617,FSR 1.pdf,NIL Claim
FIR000467077,Gerdau Steel FSR NO Claim.pdf,NIL Claim
FIR003672685,80820-FSR.pdf,NIL Claim
FIR004476410,82459-FSR.pdf,NIL Claim
FIR002416458,11-204-10442.pdf,NIL Claim
FIR000464723,FSR CORRECTED.pdf,NIL Claim
FIR001198662,FSR - Meneta (26 Jun 19).pdf,NIL Claim
FIR000940171,78769-FSR (Reliance Industries Ltd.).pdf,NIL Claim
FIR000488582,14444-Jain Agarbatti- FSR.pdf,NIL Claim
FIR005516821,11-300-13069 FSR CM traders.pdf,NIL Claim
FIR001860437,11_204_10193_FSR_173150_.pdf,NIL Claim
FIR002092565,11-204-10329-FSR.pdf,NIL Claim
FIR005619796,1119264-Airplaza-FSR.pdf,NIL Claim
FIR005004939,11-204-10676-Manohar Shivsharan fsr.pdf,NIL Claim
FIR002817626,D19378 - Bird Airport Hotel Pvt. Ltd. - FSR.pdf,NIL Claim
FIR001379429,MUM-ILG-2019-0589 FSR.pdf,NIL Claim
FIR004850744,11-202-04914 ILA Terra Form Sitara Site.pdf,NIL Claim
FIR004478288,11-202-04891 Focal Renewable Energy (Terraform Ltd) ILA.pdf,NIL Claim
FIR004477915,11-202-04890 Focal Photovoltaic India (Terraform Ltd) ILA.pdf,NIL Claim
FIR001458327,Jindal Supreme FSR.pdf,NIL Claim
FIR004423198,2219261 - Nil Claim.pdf,NIL Claim
FIR005854066,11-203-09060 ILA.pdf,NIL Claim
FIR004908349,FSR - 108116.pdf,NIL Claim
FIR003624655,11-204-10578-FSR.pdf,NIL Claim
FIR006150791,11-403-02400 FSR.pdf,NIL Claim
FIR001905415,14837-Rishabhlal Chhajed- FSR.pdf,NIL Claim
FIR003090262,81705 FSR.pdf,NIL Claim
FIR002541940,FSR.pdf,NIL Claim
FIR002425109,11-200-15593-4151.pdf,NIL Claim
FIR005469507,FSR+Bill-0893.pdf,NIL Claim
FIR001415857,0719-127 FSR.pdf,NIL Claim
FIR006150791,FSR - FIR006150791.pdf,NIL Claim
FIR005434989,11-301-08701  MANJUNATH - FSR.pdf,NIL Claim
FIR005434989,11-301-08701 - MANJUNATH - PSR1.pdf,NIL Claim
FIR002508146,FSR.pdf,NIL Claim
FIR005566669,11-301-08695 FSR.pdf,NIL Claim
FIR005566669,11-301-08695 SLN engineering - LOR.pdf,NIL Claim
FIR001455158,MY-BGL 19- 2059-XYLEM-FSR.pdf,NIL Claim
FIR001801604,REPORT OF AKSHRYA AUTOMOBILES.pdf,NIL Claim
FIR001356902,2019. SHAGUN CORPORATION.pdf,NIL Claim
FIR002866341,FSR.pdf,NIL Claim
FIR006158646,FSR 0909.pdf,NIL Claim
FIR004206617,FIR004206617 ZAWARE CREATIVE fsr.pdf,NIL Claim
FIR001383056,3084 - FINAL REPORT - FIR001383056.pdf,NIL Claim
FIR002470644,11-204-10755-FSR.pdf,NIL Claim
FIR002541987,TTC fsr.pdf,NIL Claim
FIR005847970,MY_1266_PSR.pdf,NIL Claim
FIR002831876,11-204-10540-Ms Baba Bhai Enterprises-FSR.pdf,NIL Claim
FIR004426216,11-302-09089 - Dozco India Pvt Ltd - FSR (No Claim).pdf,NIL Claim
FIR001478931,FIR001478931 JK Innowire.pdf,NIL Claim
FIR004212589,15064-Powercare system- FSR-Closure.pdf,NIL Claim
FIR003540894,FSR.pdf,NIL Claim
FIR006481707,Survey Report.pdf,NIL Claim
FIR003624655,11-204-10578-FSR.pdf,NIL Claim
FIR002541641,Signed Scan copy of FSR.pdf,NIL Claim
FIR000961211,FSR 41104.pdf,NIL Claim
FIR001515190,FSR FIR001515190.pdf,NIL Claim
FIR003958976,82057 FSR.pdf,NIL Claim
FIR001485166,80874_Bridgestone India_FSR.pdf,NIL Claim
FIR004215583,15009-Spark engineering-ILA.pdf,NIL Claim
FIR001421396,11-205-06104 FSR .pdf,NIL Claim
FIR002507488,1119244.pdf,NIL Claim
FIR004205120,15046- Relax pure veg-ILA.pdf,NIL Claim
FIR004761818,11-204-10649- ILA-Takshashila Hotels.pdf,NIL Claim
FIR004959626,11-204-10672 Ms. Sonali Agency ila.pdf,NIL Claim
FIR005618791,1649-B.B.Makewell-ILA.pdf,NIL Claim
FIR005852707,15118-Navkar Enterprises. ILA.pdf,NIL Claim
FIR006934806,11-200-15969 ILA.pdf,NIL Claim
FIR003351226,11-202-04833 ILA - R.pdf,NIL Claim
FIR004478663,AH-10319 PLR.pdf,NIL Claim
FIR003089934,81704 FSR.pdf,NIL Claim
FIR003385662,3165_ILA.pdf,NIL Claim
FIR004902660,15091- Powercare system-ILA.pdf,NIL Claim
FIR001421181,FSR.pdf,NIL Claim
FIR001421181,FSR.pdf,NIL Claim
FIR007836464,001731-ILA-Jalgaon Pople Co. bank.pdf,NIL Claim
GEN000245774,FSR dt 10-12-2019 - Orange Mamatkheda.pdf,NIL Claim
FIR004217086,15060-Samarth trading.pdf,NIL Claim
FIR004258246,11-204-10613 - FSR - Ms. Anand Engineering Works.pdf,NIL Claim
FIR001405091,FSR.pdf,NIL Claim
FIR003063324,FSR.pdf,NIL Claim
FIR003737464,11-201-04055 - FSR - Panchmahal.pdf,NIL Claim
FIR007172435,MUM-ILG-2019-0881-MAJIC FILMS PVT LTD-FSR-12.12.2019.pdf,NIL Claim
FIR002280039,1741- FIRE - VITTAL AGRO - PLANT AND MACHINERY FIR002280039.pdf,NIL Claim
FIR001226250,MY-1162 RAIN CEMENTS LIMITED FSR.pdf,NIL Claim
FIR001854542,11-205-06141 FSR Claim no. FIR001854542.pdf,NIL Claim
FIR001029202,AH-03419 Survey Report.pdf,NIL Claim
FIR006101748,FSR 108858.pdf,NIL Claim
FIR006831396,Final Survey Report.pdf,NIL Claim
FIR005146566,15099-Persistent-ILA.pdf,NIL Claim
FIR005425398,FSR dt 12-12-2019 - Timarpur Waste Management.pdf,NIL Claim
FIR007127543,11-301-08743  XYLEM OFFICE  - FSR.pdf,NIL Claim
FIR004621406,MUM-ILG-2019-0810-TBSB AC SAGAR ENTERPRISES -FSR-18.12.2019.pdf,NIL Claim
FIR006623002,FSR.pdf,NIL Claim
FIR007837836,1884-Report Scan.pdf,NIL Claim
FIR007837151,Report-1882.pdf,NIL Claim
FIR004478663,FSR.pdf,NIL Claim
FIR006099640,11-104-04559-FSR.pdf,NIL Claim
FIR007616908,FSR.pdf,NIL Claim
FIR007269702,FSR 0998.pdf,NIL Claim
FIR005467175,Diwantham Tollway FSR.pdf,NIL Claim
FIR008024089,83186 (2019-DEC) FSR.pdf,NIL Claim
FIR006937197,FSR.pdf,NIL Claim
FIR003012014,81685 (2019-SEP) FSR.pdf,NIL Claim
FIR007780333,FSR.pdf,NIL Claim
FIR007830315,FSR.pdf,NIL Claim
FIR004320277,FIR004320277_FSR.pdf,NIL Claim
FIR004323723,SAN AUTOMOTIVE PVT LTD_FSR SCAN.pdf,NIL Claim
FIR004478288,FSR.pdf,NIL Claim
FIR004477915,FSR.pdf,NIL Claim
FIR003899964,2000-Report Scan.pdf,NIL Claim
FIR005847970,MY-1266 RAIN CEMENTS LIMITED FSR.pdf,NIL Claim
FIR007673522,FSR - FIR007673522.pdf,NIL Claim
FIR004760504,Report.pdf,NIL Claim
FIR003386326,0919-122 FSR.pdf,NIL Claim
FIR001109261,FSR.pdf,NIL Claim
FIR001109261,Detailed Assessment Sheet.pdf,NIL Claim
FIR007614214,83080 (2019-DEC) FSR.pdf,NIL Claim
FIR004109904,FSR 107071 Arpita Industries.pdf,NIL Claim
FIR006935827,10153_FSR.pdf,NIL Claim
FIR006839868,Insured confirmation and withdrawal.pdf,NIL Claim
FIR003350239,Nil Claim Final Survey Report.pdf,NIL Claim
FIR003350897,Nil Claim FSR.pdf,NIL Claim
FIR001373517,FSR.pdf,NIL Claim
FIR004428460,82166 (2019-SEP) FSR.pdf,NIL Claim
FIR007836464,001731-FSR-Jalgaon People Bank.pdf,NIL Claim
FIR008230647,FSR - FIR008230647.pdf,NIL Claim
FIR006836148,FSR.pdf,NIL Claim
FIR007888555,11-205-06288 FSR Claim no. FIR007888555.pdf,NIL Claim
FIR001010404,FSR.pdf,NIL Claim
FIR001203922,FSR.pdf,NIL Claim
FIR002414123,FSR.pdf,NIL Claim
FIR001150526,79561 Final Survey Report.pdf,NIL Claim
FIR006845516,82938 FSR.pdf,NIL Claim
FIR007667452,FSR_FIR007667452.pdf,NIL Claim
FIR007976284,FSR.pdf,NIL Claim
FIR007786465,FSR.pdf,NIL Claim
FIR007788180,FSR.pdf,NIL Claim
FIR007513909,FSR 109666.pdf,NIL Claim
FIR001459057,FSR.pdf,NIL Claim
FIR009405713,FIR009405713_FSR.pdf,NIL Claim
FIR009279542,D20006 - Micro Tools India Pvt. Ltd. - FSR.pdf,NIL Claim
FIR007875631,11-600-01329 FSR.pdf,NIL Claim
FIR001077385,79232_Monnet_FSR.pdf,NIL Claim
GEN000208396,11-300-10893 FSR - NLCL Mine II COnveyor Belt.pdf,NIL Claim
FIR010778610,11-300-13265 Vigish - FSR Signed.pdf,NIL Claim
FIR009810144,11-301-08805 Purva Foundation PSR.pdf,NIL Claim
FIR001373480,IAR-1909-5122-FSR.pdf,NIL Claim
FIR006633819,FSR.pdf,NIL Claim
FIR001192728,CERIGO FINAL REPORT.pdf,NIL Claim
FIR008667248,11-301-08794  Bindu - FSR.pdf,NIL Claim
FIR008471554,"11-301-08770 FSR, claim no. FIR008471554.pdf",NIL Claim
FIR008310698,Diwanthan FSR.pdf,NIL Claim
FIR007130264,82866 (2019-NOV).pdf,NIL Claim
FIR009240429,11-201-04136-FSR- Vardhman Arcylics.pdf,NIL Claim
FIR011033244,FSR.pdf,NIL Claim
FIR009810144,11-301-08805 Purva Foundation - FSR.pdf,NIL Claim
FIR011809102,FSR.pdf,NIL Claim
FIR008222813,FSR.pdf,NIL Claim
FIR004417584,FSR ACC CEMENTS MADHUKARAI_08FEB2020.pdf,NIL Claim
FIR008469153,[Untitled].pdf,NIL Claim
FIR012772834,FIR012772834_ILA.pdf,NIL Claim
FIR009934680,FSR-WTG-14-22985.pdf,NIL Claim
FIR013727499,11-302-09286 - Maxivision Eye Hospitals Pvt Ltd - ILA.pdf,NIL Claim
FIR009836338,FSR.pdf,NIL Claim
FIR009836338,Detailed Assessment Sheet.pdf,NIL Claim
FIR000874413,22277 Subros - FSR.pdf,NIL Claim
FIR009275773,FSR 110809.pdf,NIL Claim
FIR012222416,10293_FIR012222416_HWF_FSR.pdf,NIL Claim
FIR012637169,83898 (2020-FEB)_NO CLAIM Ankita Malani.pdf,NIL Claim
FIR012636239,83897 (2020-FEB)_NO CLAIM Sangeeta Malani.pdf,NIL Claim
FIR006300091,Policy Copy.pdf,NIL Claim
FIR013727499,11-302-09286 - Maxivision Eye Hospitals Pvt Ltd - FSR (No Claim).pdf,NIL Claim
FIR013194754,MY-AHM-18-1059 FSR- GE.pdf,NIL Claim
FIR001991625,1119197.pdf,NIL Claim
FIR016126807,FSR+FEE BILL-1318.pdf,NIL Claim
FIR009231457,10334_FIR009231457_Shanti Hospitality_FSR.pdf,NIL Claim
FIR009304642,FSR dt 16-03-2020 JV Industries.pdf,NIL Claim
FIR009304642,FSR dt 16-03-2020 JV Industries.pdf,NIL Claim
FIR016932054,2219438 - Alvi Packaging - Final Survey Report.pdf,NIL Claim
FIR003351226,11_202_04833_FSR_174740_.pdf,NIL Claim
FIR006252445,10140_FIR006252445_Rustom Khan_FSR.pdf,NIL Claim
FIR002865348,FSR.pdf,NIL Claim
FIR011058031,2219389 - Ganesh Store - FSR.pdf,NIL Claim
FIR017996492,FSR.pdf,NIL Claim
FIR016666676,goa claim fsr.pdf,NIL Claim
FIR016666676,goa claim fsr.pdf,NIL Claim
FIR001936460,105087 FSR Pinky Creation.pdf,NIL Claim
FIR001936460,105087 Addendum Report.pdf,NIL Claim
FIR010784207,Replace Reoprts- 19956.pdf,NIL Claim
FIR002469291,Sunflame Baddi FSR 11 103 04177.pdf,NIL Claim
FIR000452123,Duplicate claim letter.pdf,NIL Claim
FIR017334378,FSR.pdf,NIL Claim
FIR016526847,Report -2075 Scan.pdf,NIL Claim
FIR018302848,FIR018302848-FSR.pdf,NIL Claim
FIR014488277,11-202-05023-FSR.pdf,NIL Claim
FIR000903942,PSR.pdf,NIL Claim
FIR000903942,PSR.pdf,NIL Claim
FIR000903942,Final Survey Report.pdf,NIL Claim
FIR001094509,FC-0040 - Nestle India (FSR).pdf,NIL Claim
FIR001094509,FC-0040 - Nestle India (FSR).pdf,NIL Claim
GEN000250724,STATEMENT OF LOSS V-ENIL.pdf,NIL Claim
FIR011819354,FSR.pdf,NIL Claim
FIR018350988,Report.pdf,NIL Claim
FIR018350988,Report.pdf,NIL Claim
FIR014894956,2069-Ribcon Scan.pdf,NIL Claim
FIR003837455,81998 - VE Commercial FSR.pdf,NIL Claim
FIR008365146,Charbhuja- Report-v1.pdf,NIL Claim
FIR001845843,Duraline - 2119231_Nil claim FSR.pdf,NIL Claim
FIR001483335,FSR - FIR001483335.pdf,NIL Claim
FIR010206650,Final Survey Report along with claim withdrawal letter.pdf,NIL Claim
FIR020605149,84014  FSR.pdf,NIL Claim
FIR009190786,Gajanan fsr.pdf,NIL Claim
FIR016769898,FIR016769898-FSR.pdf,NIL Claim
FIR016395304,Panama fsr.pdf,NIL Claim
FIR016949971,11-204-10944 Amrut Agro Agensies  FSR...pdf,NIL Claim
FIR013047478,FINAL REPORT and OUR FEE BILL OF  INDO SCHOTTLE.pdf,NIL Claim
FIR018463561,11-204-10997 Shivaji More- FSR.doc.pdf,NIL Claim
FIR021525346,001974- Saisha Enterprises - FSR.pdf,NIL Claim
FIR001571474,FSR.pdf,NIL Claim
FIR001264952,2019. FIRSTSPACE INFRA.pdf,NIL Claim
FIR018320183,IAR-2003-9469-FSR.pdf,NIL Claim
FIR019695774,"0141, FSR - Digulturrung.pdf",NIL Claim
FIR022362385,11-300-13460 Kone Elevators ILA.pdf,NIL Claim
GEN000226285,13154 Die Chemie FSR 1.pdf,NIL Claim
GEN000226285,13154-Di chemie- Addendum Report.pdf,NIL Claim
FIR018589372,FIR018589372-FSR.pdf,NIL Claim
GEN000249476,D18005-GEN000249476-Ambuja Cement-FSR.pdf,NIL Claim
FIR011058031,FSR.pdf,NIL Claim
FIR015434452,11-401-06331Parikh PackagingCreative PolupackFSR17Mar20.pdf,NIL Claim
FIR005277702,Texmo FSR.pdf,NIL Claim
FIR010896514,11-203-09373 FSR.pdf,NIL Claim
FIR000788464,Survey Report - Avengers Solar Power Ltd.pdf,NIL Claim
FIR012772834,FSR - FIR012772834.pdf,NIL Claim
FIR018169180,FSR-3544.pdf,NIL Claim
FIR006300091,11-404-01717- FSR. signed.pdf,NIL Claim
FIR006300091,11-404-01717ILA.pdf,NIL Claim
FIR002082411,FSR released - 11-203-09031 - Simero.pdf,NIL Claim
FIR008311042,FSR.pdf,NIL Claim
FIR022709446,15366-Asset engineering-FSR.pdf,NIL Claim
FIR025584600,FSR-3604.pdf,NIL Claim
FIR025584600,Invoice-3604.pdf,NIL Claim
FIR005852707,15118-Navkar Enterprises-FSR.pdf,NIL Claim
FIR026301054,"11-301-08942 Kennametal  - PSR , claim no. FIR026301054.pdf",NIL Claim
FIR020237856,FSR.pdf,NIL Claim
FIR027113932,FSR.pdf,NIL Claim
FIR025317860,MY-1340 RAIN CEMENTS LIMITED PSR.pdf,NIL Claim
FIR006108074,MUM-ILG-2019-0848-JSW STEEL COATED PRODUCTS LTD.-FSR 27.05.2020.pdf,NIL Claim
FIR001310664,14673-S. K. Enterprises FSR.pdf,NIL Claim
FIR012781221,04665 - Mahaluxmi Processing - FSR.pdf,NIL Claim
FIR002911057,FSR_SHAFQAT.pdf,NIL Claim
FIR016366072,04768 FSR Auro Spinning.pdf,NIL Claim
FIR005236387,J Prakash FSR and Bill.pdf,NIL Claim
FIR028275547,FSR - FIR028275547.pdf,NIL Claim
FIR027246572,FSR - FIR027246572.pdf,NIL Claim
FIR025849541,11-204-11038-FSR.pdf,NIL Claim
FIR027795171,Reliance Jio Amphan FSR.pdf,NIL Claim
FIR028437311,11-400-13886 Creative Polypack Ltd- Damjvalpur location -2.5 cr.pdf,NIL Claim
FIR024213152,11-301-08926 RM FSR.pdf,NIL Claim
FIR000467069,11-104-04096-FSR.pdf,NIL Claim
FIR000457142,FSR LNJ.pdf,NIL Claim
FIR027809435,FSR_54_claims_.pdf,NIL Claim
FIR027810386,FIR027810386_NCQ_05.pdf,NIL Claim
FIR027810386,FSR_54_claims_.pdf,NIL Claim
FIR024005131,1020032 Roquuette- Final .pdf,NIL Claim
FIR027804683,FIR027804683- FSR.pdf,NIL Claim
FIR001090024,089-Hitachi-Final Survey report.pdf,NIL Claim
FIR026301054,"11-301-08942 Kennametal  - PSR , claim no. FIR026301054.pdf",NIL Claim
FIR026301054,"11-301-08942 Kennametal  - FSR , claim no. FIR026301054.pdf",NIL Claim
FIR020223936,TRIDENT 04811 FSR.pdf,NIL Claim
FIR026988072,84999 FSR.pdf,NIL Claim
FIR027789477,FSR 121635.pdf,NIL Claim
FIR029110299,FSR- FIR029110299.pdf,NIL Claim
FIR028079537,FSR.pdf,NIL Claim
FIR029110297,Duro shox-FSR.pdf,NIL Claim
FIR028937409,FSR.pdf,NIL Claim
FIR027265532,FSR.pdf,NIL Claim
FIR014659998,FSR Cummins Kothrud Theft -2119618.pdf,NIL Claim
FIR014659998,ILA Cummins Kothrud Theft -2119618.pdf,NIL Claim
FIR028437311,11-400-13886 Creative Polypack Ltd- Damjvalpur location -2.5 cr.pdf,NIL Claim
FIR030198937,MY-CHE-20-002173-FSR-SURANA.pdf,NIL Claim
FIR027566256,black burn report.pdf,NIL Claim
FIR028930635,FSR- FIR028930635.pdf,NIL Claim
FIR028928698,FSR.pdf,NIL Claim
FIR028927734,FIR028927734.pdf,NIL Claim
FIR030663337,FSR.pdf,NIL Claim
FIR031758478,FSR-210125- Lata Chouhan.pdf,NIL Claim
FIR029631778,85369_FSR.pdf,NIL Claim
FIR030031640,FSR.pdf,NIL Claim
FIR018449918,84614 No Claim Report.pdf,NIL Claim
FIR031704244,FSR Red Chillies.pdf,NIL Claim
FIR030601321,2045-FSR-Atul Overseas.pdf,NIL Claim
FIR030601321,2045-Loss Assessment-Atul Overseas.pdf,NIL Claim
FIR029758215,FSR- Khursheed.pdf,NIL Claim
FIR030039361,15523-Raut Accident and Fracture Hospital-FSR.pdf,NIL Claim
FIR026708691,FSR 0088.pdf,NIL Claim
FIR029656925,002015- Nyati Estate - FSR.pdf,NIL Claim
FIR026709644,FSR.pdf,NIL Claim
FIR027679758,"11-401-06404, FSR- Altlas Copco..pdf",NIL Claim
FIR031198687,FSR.pdf,NIL Claim
FIR024764581,FSR.pdf,NIL Claim
FIR029212517,MUM-ILG-1079-TJSB AC MS OM PRESSING WORKS -FSR.pdf,NIL Claim
FIR024221670,FSR.pdf,NIL Claim
FIR007829978,83132-FSR.pdf,NIL Claim
FIR031583462,11-301-09022_PSR_KennaMetal India Limited.pdf,NIL Claim
FIR028678393,"11-301-08972 PSR, claim no. FIR028678393.pdf",NIL Claim
FIR029653654,Final survey report.pdf,NIL Claim
FIR004327809,2634 - Ambuja Cement FSR.pdf,NIL Claim
FIR029079321,11-201-04270-FSR- Dorf Ketal Chemicals Pvt. Ltd..pdf,NIL Claim
FIR025317860,MY-1340 RAIN CEMENTS LIMITED FSR.pdf,NIL Claim
FIR032874187,FSR.pdf,NIL Claim
FIR032874187,Detailed Assessment Sheet.pdf,NIL Claim
FIR027827446,FIR027827446-FSR.pdf,NIL Claim
FIR033670671,FSR-Rututek-3759.pdf,NIL Claim
FIR029946805,002023-Datta Bambole - FSR.pdf,NIL Claim
FIR032880626,11-302-09489 - Hyderabad Castings Ltd - ILA.pdf,NIL Claim
FIR032604775,2069-FSR-Narayandas Mohanlal.pdf,NIL Claim
FIR033703303,86083-FSR (002).pdf,NIL Claim
FIR034860708,Withdraw mail.pdf,NIL Claim
FIR033523548,3020073-Tenth Planet Technologies Pvt Ltd _FSR_.pdf,NIL Claim
FIR033702229,86082-FSR.pdf,NIL Claim
FIR028700704,86332 (2020-JUL) FSR.pdf,NIL Claim
FIR032555212,2071 - Seva Automotive - FSR.pdf,NIL Claim
FIR034002894,FSR.pdf,NIL Claim
FIR002873932,FSR 106333 (2).pdf,NIL Claim
FIR033673905,3886 FSR  Goel Forgings.pdf,NIL Claim
FIR034598728,Smartchem fsr 1.pdf,NIL Claim
FIR037231152,3708 Castrol Stock FSR.pdf,NIL Claim
FIR025073305,"84809-Chambal (FSR, Assessment, S.Fee Bill).pdf",NIL Claim
FIR028662918,3686-ILG-Reliance FSR.pdf,NIL Claim
FIR033173527,2074 - FSR - Daulat.pdf,NIL Claim
FIR028964491,FSR 121417.pdf,NIL Claim
FIR033646944,2020. TRANSPORT SOLUTION-2.pdf,NIL Claim
FIR033646944,BILL- 2020. TRANSPORT SOLUTION-2. 034.pdf,NIL Claim
FIR028437311,FSR.pdf,NIL Claim
FIR028436347,11-400-13885 Creative Polypack Ltd - Domjur location - 3 cr.pdf,NIL Claim
FIR028436347,11-400-13885 Constantia Flex FSR FIR028436347.pdf,NIL Claim
FIR028218543,FSR Kaeser compressors.pdf,NIL Claim
FIR027274058,055_USG Boral_FSR.pdf,NIL Claim
FIR029090958,15435-Shri swami samarth -FSR .pdf,NIL Claim
FIR033938339,FIR033938339_Reserve.pdf,NIL Claim
FIR031583462,Email from surveyor on FSR.pdf,NIL Claim
FIR034541857,2110-Report Scan.pdf,NIL Claim
FIR031987245,FSR.pdf,NIL Claim
FIR037231152,3708 Castrol Stock FSR.pdf,NIL Claim
FIR029792116,MUM-ILG-2020-1126-Nostalgia-FSR.pdf,NIL Claim
FIR000460281,75576-Final Survey Report FIR000460281.pdf,NIL Claim
FIR000460281,75576-Final Survey Report FIR000460281.pdf,NIL Claim
FIR000460307,75577-Final Survey Report FIR000460307.pdf,NIL Claim
FIR029792116,MUM-ILG-2020-1126-Nostalgia-ADDENDUM-FSR.pdf,NIL Claim
FIR000460309,75578-Final Survey Report FIR000460309.pdf,NIL Claim
FIR028924826,11-300-13549- VRK Enterprises - FSR.pdf,NIL Claim
FIR000462162,FIR000462162 Sterling GSS NCL.pdf,NIL Claim
FIR028662918,Corrected_Reliance FSR.pdf,NIL Claim
FIR028962557,Surveyor email for reserve.pdf,NIL Claim
FIR028962557,Baskar Sir approval email.pdf,NIL Claim
FIR035037018,11-301-09073_PSR_Navayuga.pdf,NIL Claim
FIR034287532,11-301-09074_PSR_Navayuga bangalore tollway private limited.pdf,NIL Claim
FIR028816566,"3689, FSR - Banbros.pdf",NIL Claim
FIR031583462,11-301-09022_FSR_Kennametal.pdf,NIL Claim
FIR030754411,FSR.pdf,NIL Claim
FIR031595285,FSR.pdf,NIL Claim
FIR030752466,Pratik Ent Addendum Report.pdf,NIL Claim
FIR029223171,11-204-11117 Ms Wartsila-FSR.pdf,NIL Claim
FIR029223171,11-204-11117 Ms Wartsila-FSR.pdf,NIL Claim
FIR022362385,11-300-13460 - Kone Elevators - FSR.pdf,NIL Claim
FIR022362385,11-300-13460 Kone Elevators ILA FIR022362385.pdf,NIL Claim
FIR034251827,11-302-09543 - Mold Tek Packaging Ltd - FSR - (No Claim).docx.pdf,NIL Claim
FIR034251827,11-302-09543 - MOLD TEK Packaging ltd. - FIR034251827  - ILA.pdf,NIL Claim
FIR033655595,FSR R D Sethna Scholorship Fund.pdf.zip,NIL Claim
FIR040312467,Vijayalaxmi Agencies (380) -ILA.pdf,NIL Claim
FIR038452254,FSR.pdf,NIL Claim
FIR038452458,FSR.pdf,NIL Claim
FIR034571910,10512_FIR034571910_bheema tolling_FSR.pdf,NIL Claim
FIR031996919,Growth infotech fsr.pdf,NIL Claim
FIR004850744,Addendum Report.pdf,NIL Claim
FIR039195764,2123- Mont Vert - FSR.pdf,NIL Claim
FIR035825380,FIR035825380-FSR.pdf,NIL Claim
FIR038572543,FSR.pdf,NIL Claim
FIR027267429,FSR-FIR027267429.pdf,NIL Claim
FIR040750953,FSR.pdf,NIL Claim
FIR035971721,Survey Report  Azure  Claim no-FIR035971721.pdf,NIL Claim
FIR040744472,FSR.pdf,NIL Claim
FIR037025870,86390-FSR (Sandhar Technologies).pdf,NIL Claim
FIR025770127,FSR- Ghulam.pdf,NIL Claim
FIR038875541,FSR 125052.pdf,NIL Claim
FIR034287532,11-301-09074_FSR_Navayuga.pdf,NIL Claim
FIR033645862,TRANSPORT SOLUTION fsr.pdf,NIL Claim
FIR028962557,3724 ILG- Hetero Wind Power FSR.pdf,NIL Claim
FIR001136180,SISLA-ILGIC-SFSP-19-20-1001-FSR-Rimjhim Stainless Limited.pdf,NIL Claim
FIR030204841,3702-FSR.pdf,NIL Claim
FIR030204841,API400 PO.pdf,NIL Claim
FIR040312467,Vijaya Laxmi Agencies (380) -FSR.pdf,NIL Claim
FIR032880626,11-302-09489 - Hyderabad Castings Ltd - FSR (No Claim).pdf,NIL Claim
FIR033164929,FSR.pdf,NIL Claim
FIR028678393,"11-301-08972 FSR, claim no. FIR028678393.pdf",NIL Claim
FIR026560233,FSR.pdf,NIL Claim
FIR026560233,Detailed Assessment Sheet.pdf,NIL Claim
FIR029240624,04827 FSR.pdf,NIL Claim
FIR010077901,73-2020-21 FSR dated  29.07.2020 Cyber Approach Workspace.pdf,NIL Claim
FIR032907515,FSR.pdf,NIL Claim
FIR031731318,FSR 123029A.pdf,NIL Claim
FIR040272571,FSR.pdf,NIL Claim
FIR026425054,11-100-23137-LNJ-FSR.pdf,NIL Claim
FIR035330611,FSR.pdf,NIL Claim
FIR034582640,001533 - Anil Kumar Sunil Kumar Rajesh Kumar - FSR.pdf,NIL Claim
FIR042307308,87017 2020 AUG.pdf,NIL Claim
FIR028938377,2099-Report Scan.pdf,NIL Claim
FIR034691930,FSR Kaeser Compressor - 2120086.pdf,NIL Claim
FIR042639179,11-104-04782-FSR.pdf,NIL Claim
FIR042639712,2136-Report Scan.pdf,NIL Claim
FIR042286821,87019 Report.pdf,NIL Claim
FIR042633400,Theft FSR-TV Jat College.pdf,NIL Claim
FIR042637215,FSR.pdf,NIL Claim
FIR042642111,11-203-09683 fsr.pdf,NIL Claim
FIR023072312,FSR.pdf,NIL Claim
FIR026980493,11-204-11073-FSR.pdf,NIL Claim
FIR039537837,FSR.pdf,NIL Claim
FIR039379663,86664 (2020-AUG) FSR.pdf,NIL Claim
FIR042633194,2159-FSR- Tarzen Mule.pdf,NIL Claim
FIR042630127,FSR.pdf,NIL Claim
FIR041213883,FSR.pdf,NIL Claim
FIR033938339,FSR 123644.pdf,NIL Claim
FIR039508736,15597-Shivshakti -closure report.pdf,NIL Claim
FIR031045528,FSR.pdf,NIL Claim
FIR028995423,FSR - FIR028995423.pdf,NIL Claim
FIR033635027,11-300-13604 FSR Albert Signed.pdf,NIL Claim
FIR042309234,FSR-210356 Shanti Hospitality-Cooling Tower.pdf,NIL Claim
FIR042634584,BGL-2389 Sobha FSR LH.pdf,NIL Claim
FIR022983222,84722 Dalmia Cement Bharat.pdf,NIL Claim
FIR037529981,3897-ILG-Reliance FSR.pdf,NIL Claim
FIR000462161,Sterling Agro.pdf,NIL Claim
FIR042341774,FSR.pdf,NIL Claim
FIR025474963,FSR_.pdf,NIL Claim
FIR032555212,002071-FSR- Seva Automobiles.pdf,NIL Claim
FIR000486482,NCC Urban Infrastructures Ltd - FSR.pdf,NIL Claim
FIR000686028,FIR000686028._FSR-OCR.pdf,NIL Claim
FIR001209045,FIR001209045._FSR-OCR.pdf,NIL Claim
FIR001490815,FIR001490815._FSR-OCR.pdf,NIL Claim
FIR005854405,FIR005854405._FSR-OCR.pdf,NIL Claim
FIR007174844,FIR007174844._FSR-OCR.pdf,NIL Claim
FIR014538456,FIR014538456._FSR-OCR.pdf,NIL Claim
FIR014796661,FIR014796661._FSR-OCR.pdf,NIL Claim
FIR015561745,FIR015561745._FSR-OCR.pdf,NIL Claim
FIR017339993,FIR017339993._FSR-OCR.pdf,NIL Claim
FIR023830996,FIR023830996._FSR-OCR.pdf,NIL Claim
FIR024105291,FIR024105291._FSR-OCR.pdf,NIL Claim
FIR026815800,FIR026815800._FSR-OCR.pdf,NIL Claim
FIR026860331,FIR026860331._FSR-OCR.pdf,NIL Claim
FIR029385809,FIR029385809._FSR-OCR.pdf,NIL Claim
GEN000244884,Assessment.pdf,NIL Claim
GEN000255552,SCHREIBER FSR.pdf,NIL Claim
FIR000840465,FSR 101462.pdf,NIL Claim
FIR001132333,FIR001132333._FSR-OCR.pdf,NIL Claim
FIR001132333,FSR - 79280 (MAY-2019) - Reliance Retail Limited.pdf,NIL Claim
FIR001488914,Detailed Assessment Sheet.pdf,NIL Claim
FIR002152530,FIR002152530 FSR and CONSENT.pdf,NIL Claim
FIR002084488,FIR002084488._FSR-OCR.pdf,NIL Claim
FIR001757437,FIR001757437._FSR-OCR.pdf,NIL Claim
FIR006623002,FIR006623002._FSR-OCR.pdf,NIL Claim
FIR004478663,FIR004478663._FSR-OCR.pdf,NIL Claim
FIR005146566,15099 Persistent FSR.pdf,NIL Claim
FIR002470309,MY-1215 RAIN CEMENTS LIMITED FSR.pdf,NIL Claim
FIR005854066,FIR005854066._FSR-OCR.pdf,NIL Claim
FIR001395214,FIR001395214._FSR-OCR.pdf,NIL Claim
FIR004574269,FIR004574269._FSR-OCR.pdf,NIL Claim
FIR001372444,FIR001372444._FSR-OCR.pdf,NIL Claim
FIR005852707,15118-Navkar Enterprises-Draft FSR..pdf,NIL Claim
FIR004850744,FIR004850744._FSR-OCR.pdf,NIL Claim
FIR001090024,marine cargo_FSR.pdf,NIL Claim
FIR033173527,Loss Assessmentx.pdf,NIL Claim
FIR029223171,11-204-11117-Ms Wartsila-Loss Assessment.pdf,NIL Claim
FIR025102441,FIR025102441._FSR-OCR.pdf,NIL Claim
GEN000244884,Assessment.pdf,NIL Claim
GEN000255552,SCHREIBER FSR.pdf,NIL Claim
FIR000469067,FSR.pdf,NIL Claim
FIR000491269,FSR.pdf,NIL Claim
FIR000840465,FSR 101462.pdf,NIL Claim
FIR001090024,marine cargo_FSR.pdf,NIL Claim
FIR001132333,FSR - 79280 (MAY-2019) - Reliance Retail Limited.pdf,NIL Claim
FIR001132333,FIR001132333._FSR-OCR.pdf,NIL Claim
FIR001372444,FIR001372444._FSR-OCR.pdf,NIL Claim
FIR001366978,1907505FSR.pdf,NIL Claim
FIR001366978,1907505FSR.pdf,NIL Claim
FIR001395214,FIR001395214._FSR-OCR.pdf,NIL Claim
FIR001488914,Detailed Assessment Sheet.pdf,NIL Claim
FIR001525809,11-600-01269 FSR.pdf,NIL Claim
FIR001757437,FIR001757437._FSR-OCR.pdf,NIL Claim
FIR002084488,FIR002084488._FSR-OCR.pdf,NIL Claim
FIR002470309,MY-1215 RAIN CEMENTS LIMITED FSR.pdf,NIL Claim
FIR002152530,FIR002152530 FSR and CONSENT.pdf,NIL Claim
FIR004521998,FSR.pdf,NIL Claim
FIR004574269,FIR004574269._FSR-OCR.pdf,NIL Claim
FIR004478663,FIR004478663._FSR-OCR.pdf,NIL Claim
FIR004850744,FIR004850744._FSR-OCR.pdf,NIL Claim
FIR005854066,FIR005854066._FSR-OCR.pdf,NIL Claim
FIR006441607,FSR.pdf,NIL Claim
FIR004959625,IN11-1150-1907-0071 - FSR.pdf,NIL Claim
FIR004959625,IN11-4450-1907-0071 - Assessment.pdf,NIL Claim
FIR004962299,FSR.pdf,NIL Claim
FIR005146566,15099 Persistent FSR.pdf,NIL Claim
FIR007173477,BILL FSR 3290.pdf,NIL Claim
FIR005852707,15118-Navkar Enterprises-Draft FSR..pdf,NIL Claim
FIR006623002,FIR006623002._FSR-OCR.pdf,NIL Claim
FIR025102441,FIR025102441._FSR-OCR.pdf,NIL Claim
FIR029223171,11-204-11117-Ms Wartsila-Loss Assessment.pdf,NIL Claim
FIR033173527,Loss Assessmentx.pdf,NIL Claim
